Союзы сложноподчиненных предложений: Je/desto;;;;;
Чем быстрее ты выучишь немецкий, тем раньше ты поедешь в Германию.;;;Je schneller du Deutsch erlernst, desto früher fährst du nach Deutschland.;;
Чем больше ты будешь работать, тем быстрее устанешь.;;;Je mehr du arbeiten wirst, desto schneller wirst du müde.;;
Чем громче играет музыка, тем веселее вечеринка.;;;Je lauter die Musik spielt, desto lustiger ist die Party.;;
Чем больше друзей придут, тем больше подарков я получу.;;;Je mehr Freunde kommen, desto mehr Geschenke bekomme ich.;;
Чем тише едешь, тем дальше будешь.;;;Je langsamer du fährst, desto weiter kommst du.;;
Союзы сложноподчиненных предложений: weder/noch;;;;;
Я не был ни в Германии, ни в Австрии.;;;Ich war weder in Deutschland, noch in Österreich.;;
Я не слушаю ни поп музыку, ни рок музыку.;;;Ich höre weder Popmusik, noch Rockmusik.;;
Он не играет ни в футбол, ни в волейбол.;;;Er spielt weder Fußball, noch Volleyball.;;
Мне не нравится ни вконтакте, ни фейсбук.;;;Ich mag weder VK, noch FB.;;
Она не пойдет с тобой ни в кино, ни в кафе.;;;Sie geht mit dir weder ins Kino, noch ins Cafe.;;
Я не читаю ни газет, ни журналов.;;;Ich lese weder Zeitungen, noch Zeitschriften.;;
Мы не купим ни собаку, ни кошку.;;;Wir kaufen weder einen Hund, noch eine Katze.;;
Мы не поедем ни в Швейцарию, ни в Италию.;;;Wir fahren weder in die Schweiz, noch nach Italien.;;
Он не купит ни квартиру, ни дом.;;;Er kauft weder eine Wohnung, noch ein Haus.;;
Союзы сложноподчиненных предложений: nicht/sondern, kein/sondern;;;;;
Он не мой шеф, а мой коллега.;;;Er ist nicht mein Chef, sondern mein Kollege.;;
Она не моя сестра, а моя кузина.;;;Sie ist nicht meine Schwester, sondern meine Cousine.;;
Это не Берлин, а Гамбург.;;;Das ist kein Berlin, sondern Hamburg.;;
Это не хомяк, а белка.;;;Das ist kein Hamster, sondern ein Eichhörnchen.;;
Это не стол, а стул.;;;Das ist kein Tisch, sondern ein Stuhl.;;
Я играю не в футбол, а в волейбол.;;;Ich spiele kein Fußball, sondern Volleyball.;;
Он смотрит не кино, а сериал.;;;Er schaut keinen Film, sondern eine Serie.;;
Он читает не книгу, а газету.;;;Er liest kein Buch, sondern eine Zeitung.;;
Это не куртка, а пальто.;;;Das ist keine Jacke, sondern ein Mantel.;;
Союзы сложноподчиненных предложений: sowohl/als auch;;;;;
Я учу как немецкий, так и английский.;;;Ich lerne sowohl Deutsch, als auch Englisch.;;
Я был как в Германии, так и в Австрии.;;;Ich war sowohl in Deutschland, als auch in Österreich.;;
Он был как в Швейцарии, так и во Франции.;;;Er war sowohl in der Schweiz, als auch in Frankreich.;;
Он читает как газеты, так и журналы.;;;Er liest sowohl Zeitungen, als auch Zeitschriften.;;
У меня есть как машина, так и велосипед.;;;Ich habe sowohl ein Auto, als auch ein Rad.;;
Я смотрю как фильмы, так и сериалы.;;;Ich schaue sowohl Filme, als auch Serien.;;
Мне нравится как футбол, так и теннис.;;;Ich mag sowohl Fußball, als auch Tennis.;;
Союзы сложноподчиненных предложений: entweder/oder;;;;;
Мы поедем или в Турцию, или в Египет.;;;Wir fahren entweder in die Türkei, oder nach Ägypten.;;
Они поедут либо в Швейцарию, либо в Италию.;;;Sie fahren entweder in die Schweiz, oder nach Italien.;;
Я буду учить либо французский, либо итальянский.;;;Ich werde entweder Französisch, oder auch Italienisch lernen.;;
Надо стать богатым, либо знаменитым.;;;Man muss entweder reich, oder berühmt werden.;;
Мы купим либо дом, либо квартиру.;;;Wir kaufen entweder ein Haus, oder eine Wohnung.;;
Я либо останусь дома, либо пойду в кино.;;;Entweder bleibe ich zu Hause, oder gehe ich ins Kino.;;
Я либо куплю машину, либо буду много путешествовать.;;;Entweder kaufe ich ein Auto, oder werde ich viel reisen.;;
Союзы сложноподчиненных предложений: zwar/aber;;;;;
Он вообще-то маленький, но очень смелый.;;;Er ist zwar klein, aber sehr tapfer.;;
Я хотел бы остаться дома, но должен поехать с ней.;;;Ich möchte zwar zu Hause bleiben, aber muss mit ihr fahren.;;
Мы хотели бы купить машину, но не можем этого себе позволить.;;;Wir möchten zwar ein Auto kaufen, aber wir können es uns nicht leisten.;;
Я вообще-то хотел поехать в Турцию, но должен остаться дома.;;;Ich wollte zwar in die Türkei fahren, aber ich musste zu Hause bleiben.;;
Мы вообще-то читаем книги, но любим также смотреть кино.;;;Wir lesen zwar die Bücher, aber wir mögen auch Filme schauen.;;
Союзы сложноподчиненных предложений: wärend;;;;;
Пока я работаю, ты играешь в компьютер.;;;Während ich arbeite, spielst du Computer.;;
В то время как она была в школе, он пошел в кино.;;;Während sie in der Schule war, ging er ins Kino.;;
В то время как он учил немецкий, она закупалась в супермаркете.;;;Während er Deutsch lernte, kaufte sie im Supermarkt ein.;;
Пока мой папа был в Германии, я получил хорошую оценку.;;;Während mein Vater in Deutschland war, bekam ich eine gute Note.;;
Пока мы молоды, мы должны заработать побольше денег.;;;Während wir jung sind, müssen wir mehr Geld verdienen.;;
В то время как ты был в Швейцарии, я поехал в США.;;;Während du in der Schweiz warst, fuhr ich in die USA.;;
Я все сделал, пока ты был в школе.;;;Ich machte alles, während du in der Schule warst.;;
В то время как она учит немецкий, он спит на диване.;;;Während sie Deutsch lernt, schläft er auf dem Sofa.;;
Пока я был в Швейцарии, она продала нашу квартиру.;;;Während ich in der Schweiz war, verkaufte sie unsere Wohnung.;;
В то время, как ты работаешь весь день, он развлекается.;;;Während du den ganzen Tag arbeitest, amüsiert er sich.;;
В то время как они развлекаются, ты скучаешь один.;;;Während sie sich amüsieren, langweilst du dich alleine.;;
Во время урока она повторяла слова.;;;Während der Stunde hat sie die Wörter wiederholt.;;
Во время тренировки он всегда очень старался.;;;Während des Trainings hat er immer viel Mühe gegeben.;;
В течение этой недели он готовился к экзамену.;;;Während dieser Woche hat er sich auf die Prüfung vorbereitet.;;
В течение этого года я много занимался спортом.;;;Während dieses Jahres habe ich viel Sport gemacht.;;
В течение этого месяца мы два раза были в Германии;;;Während dieses Monats waren wir zwei Mal in Deutschland.;;
Союзы сложноподчиненных предложений: bis, seitdem;;;;;
Надо подождать еще неделю до того момента, как начнется чемпионат мира.;;;Man muss noch eine Woche warten, bis die WM beginnt.;Seitdem die WM angefangen hat, gucke ich jeden Tag Fußball.;
С тех пор как начался чемпионат мира, я смотрю футбол каждый день.;;;Seitdem die WM angefangen hat, gucke ich jeden Tag Fußball.;;
До того момента как начнется олимпиада, я должен сделать всю работу.;;;Bis die Olympiade anfängt, muss ich die ganze Arbeit machen.;;
С тех пор как началась олимпиада, все стали настоящими патриотами.;;;Seitdem die Olympiade angefangen hat, wurden alle zu den richtigen Patrioten.;;
До того момента как я буду учиться в Германии, я должен получить шпрахдиплом.;;;Bis ich in Deutschland studieren werde, muss ich ein Sprachdiplom bekommen.;;
С тех пор как я получил шпрахдиплом, я люблю немецкий еще больше.;;;Seitdem ich ein Sprachdiplom bekommen habe, mag ich Deutsch noch mehr.;;
До того момента как мы переехали в Калининград, я никогда здесь не был.;;;Bis wir nach Kaliningrad umgezogen sind, war ich hier nie.;;
До того момента как начнется фильм, у нас еще полчаса.;;;Bis der Film anfängt, haben wir noch eine halbe Stunde.;;
С тех пор как начался фильм, все сидят тихо.;;;Seitdem der Film angefangen hat, sitzen alle leise.;;
До того момента как я купил машину, я всегда ездил на автобусе.;;;Bis ich ein Auto gekauft habe, bin ich immer mit dem Bus gefahren.;;
С тех пор как я купил машину, я стал чаще ездить на море.;;;Seitdem ich ein Auto gekauft habe, fahre ich öfter zum Meer.;;
Союзы сложноподчиненных предложений: bevor, sobald;;;;;
Как только мы приедем в Польшу, мы поедем в Икею.;;;Sobald wir nach Polen kommen, fahren wir in IKEA.;;
Прежде чем ты станешь умным, ты должен много учиться.;;;Bevor du klug wirst, musst du viel lernen.;;
Как только ты станешь умным, ты можешь получить хорошую работу.;;;Sobald du klug wirst, kannst du eine gute Arbeit bekommen.;;
Прежде чем он станет чемпионом, он должен много тренироваться.;;;Bevor er zu einem Meister wird, muss er viel trainieren.;;
Как только он станет чемпионом, он будет зарабатывать много денег.;;;Sobald er zu einem Meister wird, wird er viel Geld verdienen.;;
Прежде чем тебе можно будет пойти гулять, ты должен сделать немецкий.;;;Bevor du spazieren gehen darfst, musst du Deutsch machen.;;
Как только ты сделаешь немецкий, можешь пойти погулять.;;;Sobald du Deutsch machst, darfst du spazieren gehen.;;
Прежде чем он стал знаменитым, он занимался музыкой 10 лет.;;;Bevor er berühmt wurde, hat er 10 Jahre Musik gemacht.;;
Прежде чем он купил машину, он долго копил.;;;Bevor er ein Auto gekauft hat, hat er lange gespart.;;
Как только он купил машину, он мне позвонил.;;;Sobald er ein Auto gekauft hat, hat er mich angerufen.;;
Союзы сложноподчиненных предложений: weil, denn;;;;;
Я учу немецкий, поскольку хочу учиться в Германии (2 варианта);;;Ich lerne Deutsch, weil ich in Deutschland studieren will.;Ich lerne Deutsch, denn ich will in Deutschland studieren.;
Он сильный, потому что каждый день тренируется (2 варианта);;;Er ist stark, weil er jeden Tag trainiert.;Er ist stark, denn er trainiert jeden Tag.;
Она мне нравится, поскольку она всегда так хорошо выглядит (2 варианта);;;Sie gefällt mir, weil sie immer so schön aussieht.;Sie gefällt mir, denn sie sieht immer so schön aus.;
Она занимается спортом, потому что хочет быть стройнее.;;;Sie macht Sport, weil sie schlanker sein will.;Sie macht Sport, denn sie will schlanker sein.;
Союзы: indem, so dass.;;;;;
Она сбросила пять килограмм, сидя на диете.;;;Sie nahm fünf Kilo ab, indem sie eine Diät hielt.;;
Мы купили квартиру в Германии, накопив много денег.;;;Wir kauften eine Wohnung in Deutschland, indem wir viel Geld gespart hatten.;;
Можно стать успешным спортсменом, много тренируясь.;;;Man kann ein erfolgreicher Sportler werden, indem man viel trainiert.;;
Он много тренировался, так что стал хорошим спортсменом.;;;Er trainierte viel, so dass er ein guter Sportler wurde.;;
Она сидит на диете, так что сбросила пять килограмм.;;;Sie hält eine Diät, so dass sie fünf Kilo abgenommen hat.;;
Он такой целеустремленный, что никто не может ему помешать.;;;Er ist so zielstrebig, ohne dass jemand ihn stören kann.;;
Она ехал так быстро, что никто не мог его перегнать.;;;Er fuhr so schnell, ohne dass jemand ihn überholen konnte.;;
Ты играешь так хорошо, так что тебя никто не может обыграть.;;;Du spielst so gut, ohne dass jemand dich schlagen kann.;;
Пассив 1. Passiv 1.;;;;;
В нашем городе открывается новое кино.;;;In unserer Stadt wird ein neues Kino eröffnet.;;
В Берлине закрылся старый музей.;;;In Berlin wurde ein altes Museum geschlossen.;;
Старый музей закрылся во вторник.;;;Ein altes Museum wurde am Dienstag geschlossen.;;
Эта церковь ремонтируется уже 3 года.;;;Diese Kirche wird seit drei Jahren renoviert.;;
Эту церковь отремонтировали в 2008 году.;;;Diese Kirche wurde im Jahre 2008 renoviert.;;
Как долго снимают этот фильм?;;;Wie lange wird dieser Film gedreht?;;
Этот фильм снят в 2010 году.;;;Dieser Film wurde im Jahre 2010 gedreht.;;
Когда построили этот замок?;;;Wann wurde dieses Schloss gebaut?;;
Этот замок построили в 19 веке.;;;Dieses Schloss wurde im 19. Jahrhundert gebaut.;;
Когда опубликуют эту книгу?;;;Wann wird dieses Buch veröffentlicht?;;
Весь город был разрушен.;;;Die ganze Stadt wurde zerstört.;;
После войны вся страна будет разрушена.;;;Nach dem Krieg wird das ganze Land zerstört.;;
Он был понят.;;;Er wurde verstanden.;;
Ему помогли с домашней работой.;;;Ihm wurde (es) mit den Hausaufgaben geholfen.;;
Этот счет будет оплачен?;;;Wird diese Rechnung bezahlt?;;
Пассив 2. Passiv 2. Man -> Passiv;;;;;
Автомобили всегда покупаются в Германии.;;;Man kauft Autos immer in Deutschland.;Die Autos werden immer in Deutschland gekauft.;
Нам всегда обещают больше.;;;Man verspricht uns immer mehr.;Es wird uns immer mehr versprochen.;
Его целую ночь празднуют.;;;Man feiert die ganze Nacht.;Er wird die ganze Nacht gefeiert.;
Всегда говорят только о ней.;;;Man spricht ständig nur über sie.;Es wird ständig nur über sie gesprochen.;
Таким образом языки учатся быстрее.;;;So lernt man die Sprachen schneller.;So werden die Sprachen schneller gelernt.;
Эта книга читается с удовольствием.;;;Man liest gern dieses Buch.;Dieses Buch wird gerne gelesen.;
Здесь строится новый дом.;;;Man baut hier ein neues Haus.;Hier wird ein neues Haus gebaut.;
Здесь играют в футбол.;;;Man spielt hier Fußball.;Hier wird (es) Fußball gespielt.;
В этом кафе готовят хорошо.;;;In diesem Cafe kocht man gut.;In diesem Cafe wird (es) gut gekocht.;
Его имя всегда забывают.;;;Man vergisst immer seinen Namen.;Sein Name wird immer vergessen.;
Здесь говорят только по-немецки.;;;Man spricht hier nur Deutsch.;Hier wird (es) nur Deutsch gesprochen.;
Там говорят только по-английски.;;;Dort spricht man nur Englisch.;Dort wird (es) nur Englisch gesprochen.;
Эту работу должны сделать сегодня.;;;Man soll diese Arbeit heute machen.;Diese Arbeit soll heute gemacht werden.;
Ей нужно позвонить сегодня.;;;Man muss sie heute anrufen.;Sie muss heute angerufen werden.;
"Пассив 3. Модальные глаголы. Passiv 3. Modal Verben ";;;;;
Сегодня все должно решиться!;;;Heute soll alles entschieden werden!;;
Немецкий должен быть выучен!;;;Deutsch soll erlernt werden!;;
Надо ее спросить!;;;Sie muss gefragt werden!;;
Квартира должна быть продана!;;;Die Wohnung soll verkauft werden!;;
Дом должен быть отремонтирован!;;;Das Haus soll renoviert werden!;;
Технология должна быть изобретена.;;;Die Technologie soll erfunden werden.;;
Машина может быть куплена.;;;Das Auto kann gekauft werden.;;
Сейчас нельзя делать перерыв!;;;Jetzt darf keine Pause gemacht werden.;;
Школа должна быть закрыта.;;;Die Schule soll geschlossen werden.;;
Пассив 4. Пассив в придаточных предложениях. Passiv 4.;;;;;
Она сказала, что сегодня все должно решиться.;;;Sie hat gesagt, dass heute alles entschieden werden soll.;;
Мы думаем, что эта книга не будет издана.;;;Wir denken, dass dieses Buch nicht veröffentlicht wird.;;
Она говорит, что сейчас нельзя делать паузу.;;;Sie sagt, dass jetzt keine Pause gemacht werden darf.;;
Он сказал, что сначала надо ее спросить.;;;Er hat gesagt, dass sie zuerst gefragt werden soll.;;
Учитель говорит, что эта книга обязательно должна быть прочитана.;;;Der Lehrer sagt, dass dieses Buch unbedingt durchgelesen werden soll.;;
Пассив 5. Альтернативы пассиву с модальными глаголами. Passiv 5.;;;;;
Шкаф не открывается.;;;"Der Schrank lässt sich nicht öffnen. ";Der Schrank kann nicht geöffnet werden.;
Машина легко может быть отремонтирована.;;;Das Auto lässt sich leicht reparieren.;Das Auto kann leicht reperiert werden.;
Окно может быть тихо закрыто.;;;Das Fenster lässt sich leise schliesen.;Das Fenster kann leise geslossen werden.;
Пятно может быть быстро удалено.;;;Der Fleck lässt sich schnell entfernen.;Der Fleck kann schnell entfernt werden.;
Цена за эту кухню не может быть оплачена.;;;Der Preis für diese Küche ist nicht zu bezahlen.;Der Preis für diese Küche kann nicht bezachlt werden.;
Кухня должна убираться каждый день.;;;Die Küche ist täglich aufzuräumen.;Die Küche muss täglich aufgeräumt werden.;
Эта дверь должна по вечерам всегда зарываться.;;;Diese Tür ist abends immer abzuschließen.;Diese Tür muss abends immer abgeschlossen werden.;
Этот текст невозможно понять.;;;Dieser Text ist nicht zu verstehen.;Dieser Text kann nicht verstanden werden.;
Это задание невозможно сделать.;;;Diese Aufgabe ist nicht zu schaffen.;Diese Aufgabe kann nicht geschafft werden.;
Эта работа должна быть выполнена еще сегодня до вечера.;;;Diese Arbeit ist noch bis heute Abent zu erledigen.;Diese Arbeit muss noch bis heute Abend erledigt werden.;
"Проблема ""решабельна"".";;;Das Problem ist lösbar.;Das Problem kann leicht gelöst werden.;
"Испанский легко ""выучивем"".";;;Spanisch ist leicht erlernbar.;Spanisch kann leicht erlernt werden.;
"Эти слова легко ""понимабельны"".";;;Deine Worte sind leicht verständlich.;Deine Worte können liecht verstanden werden.;
моя тема 1;;;;;
почему ты приехал сюда так быстро?;это причина почему я сюда пришел;;Weshalb bist du so zeitig hierher gekommen?;das ist der Grund weshalb ich herkamm.;
ты можешь доказать что сказаное тобой правда?;;;kannst du beweisen dass es wahr ist was du gesagt hast?;;
поэтому его время на поместили в камеру чтобы он протрезвел, а затем выпустили;;;zur Ausnüchterung kam er demnach vorübergehend in eine Zelle und wurde später entlassen;;
таким образом оба продолжают бодро развиваться;;;beides schreitet demnach weiter flott voran;;
он уютно устроился в углу читать;;;er hat sich zum Lesen in eine Ecke gekuschelt;;
к тому же жёлтые детали украшают рукава и шею;;;zudem zieren gelbe Details die Ärmel und den Hals;;
ziehen sich означает вести себя неестественно и скованно;;;zieren sich bedeutet sich unnatürlich und gespreizt benehmen;;
это звучит немного искусственно, когда мы говорим о рефлексии подразумеваем при этом размышление;;;es klingt etwas gekünstelt, wenn wir vom Reflektieren reden und dabei das Nachdenken meinen;;
в каком городе проходит экзамен на права?;;;In welcher Stadt findet die Führerscheinprüfung statt?;;
я начинаю;;;ich fang mal an;;
Flick только продолжает в этом отношении идею своего предшественника;;;Flick führt die Idee seines Vorgängers insoweit nur fort;;
Поэтому в этом отношении нельзя предоставить дополнительную информацию;;;weitere Auskünfte können insoweit daher nicht erteilt werden;;
что у тебя на уме? что тебе мерещится?;;;was schwebt dir vor?;;
в этом что-то есть;;;das hat was für sich;;
пережить приключения не выходя из дома;;;von zu Hause aus Abenteuer erleben;;
Вы можете забрать все документы?;;;bist du sämtliche Dokumente suchen?;;
То, что она создает сейчас, еще никогда не было сделано раньше.;;;Was sie gerade schafft, gab es so noch nie;;
нигде так не хорошо как здесь;;;nirgends haben wir es so gut;;
меня возмущает это наглость, бессовестность, несправедливость, ложь и невежество;;;ich bin entrüstet über diese Unverschämtheit, Gewissenlosigkeit, Ungerechtigkeit, Verlogenheit und Unwissenheit;;
меня сильно возмутило то, как с ней обращались;;;es hat mich stark entrüstet, wie man mit ihr Verfahren ist;;
Дети ноют, не знают, чем себя занять;;;die Kinder quengeln, wissen nicht, was sie mit sich anfangen sollen;;
Мы считаем это неприемлемым бременем на церквях;;;das halten wir für eine undzumutbare Belastung für die Kirchen;;
каждый заверяет, что это его не касается, но всё равно очень переживает;;;jeder beteuert, dass es ihn nicht betreffe, ist aber doch sehr beunruhigt;;
противодействовать усилению конкуренции и значительно сократить затраты;;;verschärften Wettbewerb entgegenwirken und die Kosten erheblich reduzieren;;
у вас просто нет фантазии;;;ihr habt eben keine Fantasie;;
Повелительное наклонение;;;;;
будь осторожен сегодня;Будьте осторожны сегодня;;sei heute vorsichtig;Seid heute vorsichtig;Seien sie heute vorsichtig
будь спокоен;будьте спокойны;;sei ruhig;seid ruhig;seien Sie ruhig
будь всегда отважен;будьте всегда отважны;;sei immer tapfer;seid immer tapfer;seien Sie immer tapfer
не бойся;не бойтесь;;hab keine Angst;habt keine Angst;haben sie keine Angst
имей мужество;имейте мужество;;habe den Mut;habt den Mut;haben Sie den Mut
танцуй хорошо;делай работу сегодня;;Tanz gut;mach die Arbeit heute;Steh hier
прыгай высоко;работай каждый день;;spring hoch;arbeite jeden Tag;geh schnell
сиди тихо;открой дверь;;Sitz ruhig;öffne die Tür;hör die Musik
пой песню;напиши предложение;;sind das Lied;schreib den Satz;bestell eine Pizza
купи машину;спроси учителя;;Kauf ein Auto;frag den Lehrer;antworte dem Lehrer
ешь суп;иди быстрее;;iss die Suppe;lauf schnell;Fall nicht
возьми мою машину;не носи мою шляпу;;nimm mein Auto;trag meinen Hut nicht;sprich laut
не спи сегодня;не забудь свою книгу;;Schlaf heute nicht;vergiss dein Buch nicht;wasch dein Auto
помоги своему другу;едь осторожно;;hilft deinem Freund;fahr vorsichtig;Fang die Katze
читай книгу;помоги своим родителям;;lies das Buch;hilf deinen Eltern;gib mir dein Auto
моя 2;;;;;
из-за чего начальница приехала в офис на велосипед? из-за хорошей погоды.;;;Weswegen kommt die Chefin mit dem Fahrrad ins Büro? Wegen des schönen Wetters.;;
Я постараюсь сегодня смочь прийти;;;ich versuche heute kommen zu können;;
мы рады помочь вам помочь;;;wir freuen uns, Ihnen helfen zu können;;
Я позволю тебе победить сегодня;;;ich lasse dich heute gewinnen;;
Я очень сейчас играть на пианино;;;ich lerne gerade Klavier spielen;;
не помогаю тебе учить немецкий;;;ich helfe dir Deutsch lernen;;
я остаюсь лежать;;;ich bleibe liegen;;
какие философские теории кажутся тебе наиболее увлекательными?;;;Welche philosophischen Theorien findest du am faszinierendsten?;;
В чём здесь дело?;О чём здесь речь?;;Was geht es hier vor?;Worum geht es hier?;
Я знаю это, поскольку я пришёл оттуда, откуда ты пришёл.;;;Ich weiß das, denn ich komme daher, wo du herkommst.;;
Ей много не везло. Оттуда её неудовлетворённость.;;;sie hat viele Pech gehabt. Daher kommt ihre Unzufriedenheit.;;
ты был на почте? да, оттуда Я сейчас иду.;;;Bist du auf der Post gewesen? Ja, daher komme ich gerade.;;
вы всегда увлечены своим делом и всегда выкладываетесь на 100%;;;Sie sind stets mit Leidenschaft bei der Sache und geben immer 100%;;
это сделано поэтому образцу (оригиналу);;;das ist von dieser Vorlage abgearbeitet;;
я избегаю того, чтобы заходить в этот район;;;Ich vermeide es, den Bereich zu betreten;;
Subjektive Bedeutung von Modalverben, Futur 2 und dergleichen;;;;;
Он должен быть сейчас в оффисе (уверенность почти 100%);;;Er muss jetzt im Büro sein.;Er kann jetzt nur im Büro sein.;Er ist jetzt sicherlich im Büro.
Он должен был быть в бюро;;;Er muss im Büro gewesen sein.;;
Вы (множественное число) должно быть сейчас в офисе (уверенность около 80%);;;Ihr müsstet jetzt im Büro sein.;Ihr seid jetzt sehr wahrscheinlich im Büro.;
Вы (множественное число), должно быть, были в офисе.;;;Ihr müsstet im Büro gewesen sein.;Ihr wart sehr wahrscheinlich im Büro.;
Он наверное сейчас в офисе (уверенность около 75%);;;Er dürfte jetzt im Büro sein.;Er ist jetzt wahrscheinlich im Büro.;
Он наверное был в офисе (уверенность около 75%);;;Er dürfte im Büro gewesen sein.;Er wird im Büro gewesen sein. (Futur 2);
Он может быть сейчас в офисе (уверенность около 50%);;;Er kann jetzt im Büro sein.;Er ist jetzt vielleicht im Büro.;
Он мог бы быть сейчас в офисе (уверенность около 40%);;;Er könnte jetzt im Büro sein.;Er ist jetzt möglicherweise im Büro.;
Авось он сейчас в офисе (уверенность около 30%);;;Er mag jetzt im Büro sein.;Er ist jetzt vielleicht im Büro.;
Говорят, что Карлос поедет к своим родственникам в Испанию. (передача информации от другого лица);;;Karlos soll zu seinen Verwandten nach Spanien fahren.;;
Говорят, что Карлос поехал к своим родственникам в Испанию. (передача информации от другого лица);;;Karlos soll zu seinen Verwandten nach Spanien gefahren sein.;;
Мария, по ее словам, на каникулах останется дома. (доля сомнения в ее словах);;;Maria will in der Ferien zu Hause bleiben.;;
Мария, по ее словам, на каникулах осталась дома. (доля сомнения в ее словах);;;Maria will in der Ferien zu Hause geblieben sein.;;
Я давное его уже не видел: наверное он улетел домой. Футур 2.;;;Ich habe ihn schon lange nocht mehr gesehen, wird er nach Hause geflogen sein.;;
Ты выдглядишь очень усталым: должно быть ты мало спал. Футур 2.;;;Du siehst sehr müde aus, du wirst wohl wenig geschlafen haben.;;
Wortfamilie NEHMEN Verben;;;;;
Он принимает ванну.;;;Er nimmt ein Bad.;;
Пожалуйста, присаживайтесь!;;;Nehmen Sie bitte Platz!;;
Он регулярно принимал лекарства.;;;Er nahm die Medikamente regelmäßig.;;
Она взяла ребенка за руку.;;;Sie nahm das Kind bei der Hand.;;
Он взял слишком много сахара.;;;Er hat zu viel Zucker genommen.;;
Она похудела на 5 кг.;;;Sie hat 5 Kilo abgenommen.;;
Могу я взять у вас пальто?;;;Kann ich Ihnen den Mantel abnehmen?;;
Дни зимой становятся короче.;;;Die Tage nehmen im Winter ab.;;
Я предполагаю, что он придет завтра.;;;Ich nehme an, dass er morgen kommt.;;
Она приняла подарок.;;;Sie hat das Geschenk angenommen.;;
Супружеская пара хочет усыновить ребенка.;;;Das Ehepaar will ein Kind annehmen.;;
Университет принимает новых студентов.;;;Die Universität nimmt neue Studenten auf.;;
Я записываю концерт.;;;Ich nehme das Konzert auf.;;
Он сделал красивый снимок пейзажа.;;;Er hat ein schönes Foto von der Landschaft aufgenommen.;;
Повар потрошит рыбу.;;;Der Koch nimmt den Fisch aus.;;
Тебя я исключаю из правила.;;;Dich nehme ich von der Regel aus.;;
Дом хорошо выглядит.;;;Das Haus nimmt sich gut aus.;;
Ты ведешь себя невозможно!;;;Du benimmst dich unmöglich!;;
Дети хорошо себя вели.;;;Die Kinder haben sich gut benommen.;;
Мы прорабатываем эту главу завтра.;;;Wir nehmen das Kapitel morgen durch.;;
Учитель тщательно проработал материал.;;;Der Lehrer hat den Stoff gründlich durchgenommen.;;
Я ежедневно принимаю витамины.;;;Ich nehme täglich Vitamine ein.;;
Туристы заняли все места.;;;Die Touristen nahmen alle Plätze ein.;;
Его личность располагает меня к нему.;;;Seine Persönlichkeit nimmt mich für ihn ein.;;
Из таблицы мы можем извлечь следующие данные.;;;Wir können der Tabelle folgende Daten entnehmen.;;
Врач взял кровь.;;;Der Arzt hat Blut entnommen.;;
Идея была заимствована из романа.;;;Die Idee wurde einem Roman entnommen.;;
Возьми с собой зонт!;;;Nimm einen Regenschirm mit!;;
Путешествие его очень утомило.;;;Die Reise hat ihn sehr mitgenommen.;;
Мы берем на себя расходы.;;;Wir übernehmen die Kosten.;;
Она переняла фирму от своего отца.;;;Sie hat die Firma von ihrem Vater übernommen.;;
Она сделала всё, чтобы помочь.;;;Sie hat alles unternommen, um zu helfen.;;
Полиция допросила свидетеля.;;;Die Polizei hat den Zeugen vernommen.;;
Как я слышу, он болен.;;;Wie ich vernehme, ist er krank.;;
Я намерен заниматься больше спортом.;;;Ich habe mir vorgenommen, mehr Sport zu treiben.;;
Правительство вносит (предпринимает, осуществляет) изменения в закон.;;;Die Regierung nimmt Änderungen am Gesetz vor.;;
Он отобрал у меня мою книгу.;;;Er hat mir mein Buch weggenommen.;;
Домашние задания отнимают много времени.;;;Die Hausaufgaben nehmen viel Zeit weg.;;
Я набрал 3 кг за время каникул.;;;Ich habe in den Ferien 3 Kilo zugenommen.;;
Значение интернета постоянно возрастает.;;;Die Bedeutung des Internets nimmt ständig zu.;;
Ветер усиливается.;;;Der Wind nimmt zu.;;
Многие люди приняли участие в демонстрации.;;;Viele Menschen nahmen an der Demonstration teil.;;
Wortfamilie NEHMEN Nomen;;;;;
Снижение производства вызывает у нас беспокойство.;;;Die Abnahme der Produktion bereitet uns Sorgen.;;
Приёмка нового здания состоится на следующей неделе.;;;Die Abnahme des Neubaus findet nächste Woche statt.;;
Ваше предположение неверно.;;;Ihre Annahme ist falsch.;;
Прием посылки осуществляется между 8 и 18 часами.;;;Die Annahme des Pakets erfolgt zwischen 8 und 18 Uhr.;;
Прием в клуб бесплатный.;;;Die Aufnahme in den Verein ist kostenlos.;;
Запись альбома заняла два месяца.;;;Die Aufnahme des Albums dauerte zwei Monate.;;
Это красивый снимок пляжа.;;;Das ist eine schöne Aufnahme vom Strand.;;
Нет правила без исключения.;;;Es gibt keine Regel ohne Ausnahme.;;
Его поведение оставляет желать лучшего.;;;Sein Benehmen lässt zu wünschen übrig.;;
Регулярный прием лекарств важен.;;;Die regelmäßige Einnahme der Medikamente ist wichtig.;;
Доходы от концерта идут на благотворительные цели.;;;Die Einnahmen des Konzerts gehen an wohltätige Zwecke.;;
Забор воды из реки запрещен.;;;Die Entnahme von Wasser aus dem Fluss ist verboten.;;
Для снятия со счета вам нужен ваш PIN-код.;;;Für die Entnahme vom Konto benötigen Sie Ihre PIN.;;
Взятие с собой домашних животных не разрешается.;;;Die Mitnahme von Haustieren ist nicht erlaubt.;;
Еда на вынос.;;;Speisen zur Mitnahme.;;
Поглощение фирмы предстоит в ближайшее время.;;;Die Übernahme der Firma steht kurz bevor.;;
Он отказался брать на себя ответственность.;;;Er lehnte die Übernahme der Verantwortung ab.;;
Он работает в международной компании.;;;Er arbeitet in einem internationalen Unternehmen.;;
В компании работают 200 сотрудников.;;;Das Unternehmen hat 200 Mitarbeiter.;;
Адвокат присутствовал на допросе.;;;Der Anwalt war bei der Vernehmung anwesend.;;
Проведение данной операции требует специальной подготовки.;;;Die Vornahme dieser Operation erfordert spezielle Ausbildung.;;
Внесение необходимых изменений.;;;Die Vornahme der notwendigen Änderungen.;;
Изъятие имущества без судебного постановления незаконно.;;;Die Wegnahme von Eigentum ohne gerichtlichen Beschluss ist illegal.;;
После отнятия его игрушки ребенок заплакал.;;;Nach der Wegnahme seines Spielzeugs weinte das Kind.;;
Рост преступности вызывает беспокойство.;;;Die Zunahme der Kriminalität bereitet Sorgen.;;
Большое спасибо за ваше участие!;;;Vielen Dank für Ihre Teilnahme!;;
Китай является крупнейшим потребителем немецких автомобилей.;;;China ist der größte Abnehmer für deutsche Autos.;;
Как работник, вы имеете право на отпуск.;;;Als Arbeitnehmer hat man Anspruch auf Urlaub.;;
Как предприниматель, вы несете большую ответственность.;;;Als Unternehmer trägt man viel Verantwortung.;;
Предпринимательство поддерживается государством.;;;Das Unternehmertum wird vom Staat gefördert.;;
Управление предприятием находится в хороших руках.;;;Die Unternehmensführung liegt in guten Händen.;;
Корпоративная культура отражает ценности компании.;;;Die Unternehmenskultur spiegelt die Werte der Firma wider.;;
Участники оживленно дискутировали.;;;Die Teilnehmer diskutierten lebhaft.;;
Плата за участие покрывает питание и материалы.;;;Die Teilnehmergebühr deckt Verpflegung und Unterlagen.;;
Пожалуйста, занесите себя в список участников.;;;Bitte tragen Sie sich in die Teilnehmerliste ein.;;
В этой исключительной ситуации мы должны реагировать гибко.;;;In dieser Ausnahmesituation müssen wir flexibel reagieren.;;
Это разрешено только в исключительном случае.;;;Das ist nur im Ausnahmefall erlaubt.;;
Существует исключительное правило для студентов.;;;Es gibt eine Ausnahmeregelung für Studenten.;;
В городе было введено чрезвычайное положение.;;;In der Stadt wurde der Ausnahmezustand verhängt.;;
Wortfamilie NEHMEN Adjektive, Adverbien;;;;;
Это приемлемое предложение.;;;Das ist ein annehmbarer Vorschlag.;;
Цена вполне приемлемая.;;;Der Preis ist durchaus annehmbar.;;
Эти условия для нас неприемлемы.;;;Diese Bedingungen sind für uns unannehmbar.;;
Принимающая страна должна обеспечивать беженцев.;;;Das aufnehmende Land muss die Flüchtlinge versorgen.;;
Записывающая камера фиксирует каждую деталь.;;;Die aufnehmende Kamera erfasst jedes Detail.;;
Его обаятельный характер делал его популярным.;;;Seine einnehmende Art machte ihn beliebt.;;
Требуются предпринимательские действия.;;;Unternehmerisches Handeln ist gefragt.;;
Она сочувственно смотрела на раненого.;;;Sie blickte teilnehmend auf den Verletzten.;;
Участвующие страны подписали соглашение.;;;Die teilnehmenden Länder unterzeichneten das Abkommen.;;
Все присутствовали, за исключением Петера.;;;Alle waren anwesend, ausgenommen Peter.;;
Допрошенный свидетель подтвердил показания.;;;Der vernommene Zeuge bestätigte die Aussage.;;
Предвзятое освещение.;;;Eine voreingenommene Berichterstattung.;;
Wortfamilie NEHMEN Aussage;;;;;
Нам нужно наконец приступить к этому проекту.;;;Wir müssen dieses Projekt endlich in Angriff nehmen.;;
Он попрощался со своей семьей.;;;Er nahm Abschied von seiner Familie.;;
Гости заняли места за длинным столом.;;;Die Gäste nahmen an der langen Tafel Platz.;;
Я не хочу занимать слишком много вашего времени.;;;Ich möchte nicht zu viel von Ihrer Zeit in Anspruch nehmen.;;
С этими недостатками нам придется смириться.;;;Diese Nachteile müssen wir in Kauf nehmen.;;
Я принимаю вашу жалобу к сведению.;;;Ich nehme Ihre Beschwerde zur Kenntnis.;;
Он всегда считается с моими желаниями.;;;Er nimmt immer Rücksicht auf meine Wünsche.;;
Я ссылаюсь на ваше письмо от 10 мая.;;;Ich nehme Bezug auf Ihren Brief vom 10. Mai.;;
Он поклялся отомстить.;;;Er schwor, Rache zu nehmen.;;
Все факторы были приняты во внимание.;;;Alle Faktoren wurden in Betracht genommen.;;
Уделяй время своей семье.;;;Nimm dir Zeit für deine Familie.;;
Он очень строго придерживается правил.;;;Er nimmt es mit den Regeln sehr genau.;;
Она не слишком пунктуальна.;;;Sie nimmt es mit der Pünktlichkeit nicht so genau.;;
Wortfamilie GEBEN Verben;;;;;
Я даю тебе книгу.;Она устраивает вечеринку в субботу.;;Ich gebe dir das Buch.;Sie gibt eine Party am Samstag.;
Существует много проблем, которые нужно решить.;;;Es gibt viele Probleme zu lösen.;;
Что нового?;Назревают проблемы.;;Was gibt es Neues?;Es gibt Ärger;
Вы должны сдать заявление до завтра.;;;Sie müssen den Antrag bis morgen abgeben.;;
Я передаю ответственность тебе.;;;Ich gebe die Verantwortung an dich ab.;;
Двигатель издаёт странные звуки.;;;Der Motor gibt seltsame Geräusche ab.;;
Цветы источают приятный аромат.;;;Die Blumen geben einen angenehmen Duft ab.;;
Пожалуйста, укажите своё имя.;;;Bitte geben Sie Ihren Namen an.;;
Он любит хвастаться своей новой машиной.;;;Er gibt gerne mit seinem neuen Auto an.;;
Она сдалась в борьбе.;;;Sie hat den Kampf aufgegeben.;;
Ему пришлось отказаться от своей мечты.;;;Er musste seinen Traum aufgeben.;;
Учитель задаёт много домашних заданий.;;;Der Lehrer gibt viele Hausaufgaben auf.;;
Она подала объявление.;;;Sie hat eine Anzeige aufgegeben.;;
Мы потратили всё на отпуск.;;;Wir haben alles für den Urlaub ausgegeben.;;
Он выдаёт себя за врача.;;;Er gibt sich als Arzt aus.;;
Она отправилась в аэропорт.;;;Sie begab sich zum Flughafen.;;
Мы подвергаем себя опасности.;;;Wir begeben uns in Gefahr.;;
Можешь передать мне цифры?;;;Kannst du mir die Zahlen durchgeben?;;
Сообщение было немедленно передано.;;;Die Nachricht wurde sofort durchgegeben.;;
Пожалуйста, введите ваш пароль.;;;Bitte geben Sie Ihr Passwort ein.;;
Кто внушил тебе эту идею?;;;Wer hat dir diese Idee eingegeben?;;
Два плюс два равно четырем.;;;Zwei plus zwei ergibt vier.;;
Исследование не дало никаких подсказок.;;;Die Untersuchung ergab keine Hinweise.;;
Солдаты сдались.;;;Die Soldaten haben sich ergeben.;;
Он смирился со своей судьбой.;;;Er ergab sich seinem Schicksal.;;
Из этого вытекает новый вопрос.;;;Daraus ergibt sich eine neue Frage.;;
Случайно получилось так, что мы встретились.;;;Es ergab sich zufällig, dass wir uns trafen.;;
Дорога была открыта для движения.;;;Die Straße wurde für den Verkehr freigegeben.;;
Босс одобрил мой отпуск.;;;Der Chef hat meinen Urlaub freigegeben.;;
Правительство выделило средства.;;;Die Regierung hat die Gelder freigegeben.;;
Он не хочет отдавать свою книгу.;;;Er will sein Buch nicht hergeben.;;
Эта ситуация не даёт много возможностей.;;;Diese Situation gibt nicht viel her.;;
Почва даёт хороший урожай.;;;Der Boden gibt gute Ernte her.;;
Он посвятил себя музыке.;;;Er hat sich der Musik hingegeben.;;
Она полностью отдаётся своей работе.;;;Sie gibt sich ganz ihrer Arbeit hin.;;
Я не могу отдать эту книгу.;;;Ich kann dieses Buch nicht hingeben.;;
После долгого спора он уступил.;;;Nach langem Streit hat er nachgegeben.;;
Материал прогибается под давлением.;;;Das Material gibt unter Druck nach.;;
Она уступила его просьбам.;;;Sie gab seinen Bitten nach.;;
Он не хотел раскрывать свой секрет.;;;Er wollte sein Geheimnis nicht preisgeben.;;
Компания раскрыла конфиденциальную информацию.;;;Die Firma hat vertrauliche Informationen preisgegeben.;;
Она отказалась от своей частной жизни.;;;Sie hat ihre Privatsphäre preisgegeben.;;
Министр вручил победителю медаль.;;;Der Minister übergab dem Sieger die Medaille.;;
Она передала мне ответственность.;;;Sie hat mir die Verantwortung übergeben.;;
Ему было так плохо, что его вырвало.;;;Ihm war so übel, dass er sich übergeben musste.;;
Ребёнка вырвало от волнения.;;;Das Kind hat sich vor Aufregung übergeben.;;
Дом окружён садом.;;;Das Haus ist von einem Garten umgeben.;;
Она окружила себя хорошими друзьями.;;;Sie umgab sich mit guten Freunden.;;
Город окружён горами.;;;Die Stadt ist von Bergen umgeben.;;
Я простил ему его ошибки.;;;Ich habe ihm seine Fehler vergeben.;;
Можешь ли ты меня простить?;;;Kannst du mir vergeben?;;
Места уже были распределены.;;;Die Stellen wurden bereits vergeben.;;
Она распределила роли в спектакле.;;;Sie vergab die Rollen in dem Theaterstück.;;
Он делает вид, что богат.;;;Er gibt vor, reich zu sein.;;
Она притворилась, что ничего об этом не знает.;;;Sie gab vor, nichts davon zu wissen.;;
Тренер определяет стратегию.;;;Der Trainer gibt die Strategie vor.;;
Пожалуйста, передай эту информацию своим коллегам.;;;Bitte gib diese Information an deine Kollegen weiter.;;
Традиция передавалась из поколения в поколение.;;;Die Tradition wurde von Generation zu Generation weitergegeben.;;
Он передал подарок дальше.;;;Er hat das Geschenk weitergegeben.;;
CD-плеер превосходно воспроизводит музыку.;;;Der CD-Player gibt die Musik perfekt wieder.;;
Можешь ли ты точно передать его слова?;;;Kannst du seine Worte genau wiedergeben?;;
Фильм хорошо передаёт атмосферу книги.;;;Der Film gibt die Atmosphäre des Buches gut wieder.;;
Он должен был признать, что совершил ошибку.;;;Er musste zugeben, dass er einen Fehler gemacht hat.;;
Она призналась, что солгала.;;;Sie gab zu, gelogen zu haben.;;
Добавь немного соли в суп.;;;Gib etwas Salz zu der Suppe zu.;;
Медленно добавлять сахар и помешивать.;;;Zucker langsam zugeben und rühren.;;
Священник обвенчал пару.;;;Der Pfarrer hat das Paar zusammengegeben.;;
Мы объединяем наши ресурсы.;;;Wir geben unsere Ressourcen zusammen.;;
Wortfamilie GEBEN Nomen;;;;;
Он щедрый даритель.;;;Er ist ein großzügiger Geber.;;
Мы всё ещё ищем доноров крови.;;;Wir suchen noch Blutgeber.;;
Это сложная задача.;;;Das ist eine schwierige Aufgabe.;;
Она выполнила свою задачу.;;;Sie hat ihre Aufgabe erfüllt.;;
Сдача города была неизбежна.;;;Die Aufgabe der Stadt war unvermeidbar.;;
Он сожалеет об отказе от своего бизнеса.;;;Er bereut die Aufgabe seines Geschäfts.;;
Сдача налоговой декларации до конца марта.;;;Die Abgabe der Steuererklärung ist bis Ende März.;;
Налоги были повышены.;;;Die Abgaben wurden erhöht.;;
Ей пришлось платить высокие налоги.;;;Sie musste hohe Abgaben zahlen.;;
Согласно его утверждениям, он был дома.;;;Laut seinen Angaben war er zu Hause.;;
Пожалуйста, заполните все данные.;;;Bitte füllen Sie alle Angaben aus.;;
Эти данные неполные.;;;Diese Angaben sind unvollständig.;;
Наши ежемесячные расходы слишком высоки.;;;Unsere monatlichen Ausgaben sind zu hoch.;;
Контролируйте свои расходы.;;;Kontrollieren Sie Ihre Ausgaben.;;
Вышел новый выпуск журнала.;;;Die neue Ausgabe der Zeitschrift ist erschienen.;;
У него ограниченное издание книги.;;;Er hat eine limitierte Ausgabe des Buches.;;
Ввод данных занимает много времени.;;;Die Eingabe der Daten dauert lange.;;
Пожалуйста, проверьте ваш ввод.;;;Bitte überprüfen Sie Ihre Eingabe.;;
Он подал заявление в суд.;;;Er hat eine Eingabe bei Gericht gemacht.;;
Запрос был отклонён.;;;Die Eingabe wurde abgelehnt.;;
Результат экзамена был хорошим.;;;Das Ergebnis der Prüfung war gut.;;
Мы ждём результатов исследования.;;;Wir warten auf die Ergebnisse der Untersuchung.;;
Окончательный результат ещё не известен.;;;Das Endergebnis steht noch aus.;;
Она работает с большой самоотдачей.;;;Sie arbeitet mit großer Hingabe.;;
Его преданность музыке восхитительна.;;;Seine Hingabe zur Musik ist bewundernswert.;;
С преданностью он посвящает себя своим детям.;;;Mit Hingabe widmet er sich seinen Kindern.;;
Окрестности отеля очень красивые.;;;Die Umgebung des Hotels ist sehr schön.;;
В этой обстановке я чувствую себя комфортно.;;;In dieser Umgebung fühle ich mich wohl.;;
Природное окружение должно быть защищено.;;;Die natürliche Umgebung muss geschützt werden.;;
Вручение подарка состоится завтра.;;;Die Übergabe des Geschenks findet morgen statt.;;
При передаче дома возникли проблемы.;;;Bei der Übergabe des Hauses gab es Probleme.;;
Передача власти прошла мирно.;;;Die Übergabe der Macht verlief friedlich.;;
Распределение заказов произойдёт на следующей неделе.;;;Die Vergabe der Aufträge erfolgt nächste Woche.;;
При выдаче призов произошла ошибка.;;;Bei der Vergabe der Preise gab es einen Fehler.;;
Выдача кредитов была ограничена.;;;Die Vergabe von Krediten wurde eingeschränkt.;;
Он работает по указаниям босса.;;;Er arbeitet nach den Vorgaben des Chefs.;;
Требования строгие.;;;Die Vorgaben sind streng.;;
Она выполнила все установки.;;;Sie hat alle Vorgaben erfüllt.;;
Воспроизведение музыки превосходное.;;;Die Wiedergabe der Musik ist exzellent.;;
Точная передача его слов затруднительна.;;;Eine genaue Wiedergabe seiner Worte ist schwierig.;;
Воспроизведение начинается автоматически.;;;Die Wiedergabe startet automatisch.;;
Добавление соли улучшает вкус.;;;Die Zugabe von Salz verbessert den Geschmack.;;
Небольшое добавление не повредит.;;;Eine kleine Zugabe würde nicht schaden.;;
Публика требовала бис.;;;Das Publikum forderte eine Zugabe.;;
Группа исполнила два биса.;;;Die Band spielte zwei Zugaben.;;
Бог — милостивый прощающий грехи.;;;Gott ist ein gnädiger Vergeber der Sünden.;;
Он распределяет заказы в компании.;;;Er ist der Vergeber von Aufträgen in der Firma.;;
Его уступчивостью часто пользуются.;;;Seine Nachgiebigkeit wird oft ausgenutzt.;;
Слишком большая уступчивость не всегда хороша.;;;Zu viel Nachgiebigkeit ist nicht immer gut.;;
Его щедрость не знает границ.;;;Seine Freigebigkeit kennt keine Grenzen.;;
Мы восхищаемся её щедростью.;;;Wir bewundern ihre Freigebigkeit.;;
Wortfamilie GEBEN Adjektive und Adverbein;;;;;
Сданные документы были проверены.;;;Die abgegebenen Unterlagen wurden überprüft.;;
Данное обещание должно быть выполнено.;;;Das abgegebene Versprechen muss eingehalten werden.;;
Указанные данные неверны.;;;Die angegebenen Daten stimmen nicht.;;
Следуйте указанным инструкциям.;;;Folgen Sie den angegebenen Anweisungen.;;
Он хвастливый человек.;;;Er ist ein angegebener Mensch.;;
Она очень хвастлива.;;;Sie ist sehr angegeben.;;
Отправленное письмо должно прийти завтра.;;;Der aufgegebene Brief sollte morgen ankommen.;;
Заброшенный проект был позже возобновлён.;;;Das aufgegebene Projekt wurde später wieder aufgenommen.;;
Потраченные деньги нельзя вернуть.;;;Das ausgegabene Geld kann nicht zurückgefordert werden.;;
Выданные инструкции были неясны.;;;Die ausgegebenen Anweisungen waren unklar.;;
Введённые данные были сохранены.;;;Die eingegebenen Daten wurden gespeichert.;;
Введённый пароль неверен.;;;Das eingegebene Passwort ist falsch.;;
Это был продуктивный разговор.;;;Es war ein ergiebiges Gespräch.;;
Почва очень плодородна.;;;Der Boden ist sehr ergiebig.;;
Шахта богата золотом.;;;Die Mine ist ergiebig an Gold.;;
Мы основательно отпраздновали.;;;Wir haben ausgiebig gefeiert.;;
После обильного завтрака мы пошли гулять.;;;Nach einem ausgiebigen Frühstück gingen wir spazieren.;;
Он основательно исследовал эту тему.;;;Er hat das Thema ausgiebig recherchiert.;;
Он очень щедр на деньги.;;;Er ist sehr freigebig mit seinem Geld.;;
Она щедрая хозяйка.;;;Sie ist eine freigebige Gastgeberin.;;
Он был щедр на похвалу.;;;Er war freigebig mit Lob.;;
Она самоотверженно заботится о своих детях.;;;Sie kümmert sich hingebungsvoll um ihre Kinder.;;
Он с преданностью работает над своим проектом.;;;Er arbeitet hingebungsvoll an seinem Projekt.;;
Она самозабвенно играла на пианино.;;;Sie spielte hingebungsvoll Klavier.;;
Он очень уступчив со своими детьми.;;;Er ist sehr nachgiebig mit seinen Kindern.;;
Не будь слишком уступчивым!;;;Sei nicht zu nachgiebig!;;
Материал мягкий и податливый.;;;Das Material ist weich und nachgiebig.;;
Почва после дождя податливая.;;;Der Boden ist nach dem Regen nachgiebig.;;
Окружающие горы восхитительны.;;;Die umgebenden Berge sind wunderschön.;;
Окружающая природа предлагает много возможностей.;;;Die umgebende Natur bietet viele Möglichkeiten.;;
Он тщетно пытался убедить её.;;;Er versuchte vergebens, sie zu überzeugen.;;
Все усилия были напрасны.;;;Alle Mühe war vergebens.;;
Я напрасно ждал его.;;;Ich habe vergebens auf ihn gewartet.;;
Это была тщетная попытка.;;;Es war ein vergeblicher Versuch.;;
Его усилия были напрасны.;;;Seine Bemühungen waren vergeblich.;;
Она тщетно ждала ответа.;;;Sie wartete vergeblich auf eine Antwort.;;
Мы должны придерживаться предписанных правил.;;;Wir müssen uns an die vorgegebenen Regeln halten.;;
Заданный график слишком напряжённый.;;;Der vorgegebene Zeitplan ist zu eng.;;
Заданное направление должно соблюдаться.;;;Die vorgegebene Richtung muss eingehalten werden.;;
Признаюсь, я совершил ошибку.;;;Zugegeben, ich habe einen Fehler gemacht.;;
Это, признанно, сложная ситуация.;;;Das ist zugegeben eine schwierige Situation.;;
Добавленные специи улучшают вкус.;;;Die zugegebenen Gewürze verbessern den Geschmack.;;
С добавленными средствами результат был улучшен.;;;Mit zugegebenen Mitteln wurde das Ergebnis verbessert.;;
Wortfamilie GEBEN Aussage;;;;;
Есть много возможностей.;;;Es gibt viele Möglichkeiten.;;
Здесь есть ресторан?;;;Gibt es hier ein Restaurant?;;
Нет ничего нового под солнцем.;;;Es gibt nichts Neues unter der Sonne.;;
Я сдаюсь!;;;Ich gebe auf!;;
Никогда не сдавайся!;;;Gib niemals auf!;;
Слишком поздно сдаваться.;;;Es ist zu spät, um aufzugeben.;;
Дай мне знать, когда приедешь.;;;Gib mir Bescheid, wenn du ankommst.;;
Он своевременно сообщил нам.;;;Er hat uns rechtzeitig Bescheid gegeben.;;
Следи за детьми!;;;Gib auf die Kinder Acht!;;
В движении нужно быть очень внимательным.;;;Man muss im Verkehr gut Acht geben.;;
Наконец успокойся!;;;Gib endlich Ruhe!;;
Дети не хотят успокаиваться.;;;Die Kinder wollen keine Ruhe geben.;;
Тебе нужно прибавить газу, иначе мы опоздаем.;;;Du musst mehr Gas geben, sonst kommen wir zu spät.;;
Он прибавил газу и обогнал грузовик.;;;Er gab Gas und überholte den LKW.;;
Можешь дать прикурить?;;;Kannst du mir Feuer geben?;;
Солдаты получили приказ открыть огонь.;;;Die Soldaten bekamen den Befehl, Feuer zu geben.;;
Я сделал всё возможное.;;;Ich habe mein Bestes gegeben.;;
Если ты сделаешь всё возможное, ты сможешь это сделать.;;;Wenn du dein Bestes gibst, kannst du es schaffen.;;
После многочасовой борьбы он признал себя побеждённым.;;;Nach stundenlangem Kampf gab er sich geschlagen.;;
Я ещё не признаю себя побеждённым!;;;Ich gebe mich noch nicht geschlagen!;;
Он дал мне понять, что не согласен.;;;Er gab mir zu verstehen, dass er nicht einverstanden ist.;;
Она ясно дала мне понять, что не заинтересована.;;;Sie hat mir deutlich zu verstehen gegeben, dass sie kein Interesse hat.;;
Я хотел бы заставить задуматься о том, что у нас недостаточно времени.;;;Ich möchte zu bedenken geben, dass wir nicht genug Zeit haben.;;
Врач заставил задуматься о том, что операция рискованна.;;;Der Arzt gab zu bedenken, dass die Operation riskant sei.;;
Он винит меня в аварии.;;;Er gibt mir die Schuld an dem Unfall.;;
Не вини себя!;;;Gib dir nicht selbst die Schuld!;;
Она дала понять, что была заинтересована.;;;Sie gab zu erkennen, dass sie interessiert war.;;
Он не дал понять свои намерения.;;;Er hat seine Absichten nicht zu erkennen gegeben.;;
Я должен признать твою правоту.;;;Ich muss dir Recht geben.;;
Я даю тебе слово.;;;Ich gebe dir mein Wort.;;
Твой голос имел решающее значение.;;;Deine Stimme hat den Ausschlag gegeben.;;
В этой группе он задаёт тон.;;;In dieser Gruppe gibt er den Ton an.;;
Свидетель дал показания, что ничего не видел.;;;Der Zeuge gab zu Protokoll, dass er nichts gesehen hat.;;
Можешь ли ты дать мне честный ответ?;;;Kannst du mir eine ehrliche Antwort geben?;;
Настоящим довожу до вашего сведения, что я увольняюсь.;;;Ich gebe Ihnen hiermit zur Kenntnis, dass ich kündige.;;
Босс дал мне свободу действий.;;;Der Chef hat mir freie Hand gegeben.;;
Его поведение давало повод для беспокойства.;;;Sein Verhalten gab Anlass zur Sorge.;;
Он очень старается с работой.;;;Er gibt sich viel Mühe mit der Arbeit.;;
После долгого спора он уступил.;;;Nach langem Streit hat er klein beigegeben.;;
Можешь дать мне совет?;;;Kannst du mir einen Rat geben?;;