Пассив 1. Passiv 1.;;2;null;;;Пассив 1. Passiv 1.;;2
В нашем городе открывается новое кино.;;;In unserer Stadt wird ein neues Kino eröffnet.;;;В нашем городе открывается новое кино.;;
В Берлине закрылся старый музей.;;;In Berlin wurde ein altes Museum geschlossen.;;;В Берлине закрылся старый музей.;;
Старый музей закрылся во вторник.;;;Ein altes Museum wurde am Dienstag geschlossen.;;;Старый музей закрылся во вторник.;;
Эта церковь ремонтируется уже 3 года.;;;Diese Kirche wird seit drei Jahren renoviert.;;;Эта церковь ремонтируется уже 3 года.;;
Эту церковь отремонтировали в 2008 году.;;;Diese Kirche wurde im Jahre 2008 renoviert.;;;Эту церковь отремонтировали в 2008 году.;;
Как долго снимают этот фильм?;;;Wie lange wird dieser Film gedreht?;;;Как долго снимают этот фильм?;;
Этот фильм снят в 2010 году.;;;Dieser Film wurde im Jahre 2010 gedreht.;;;Этот фильм снят в 2010 году.;;
Когда построили этот замок?;;;Wann wurde dieses Schloss gebaut?;;;Когда построили этот замок?;;
Этот замок построили в 19 веке.;;;Dieses Schloss wurde im 19. Jahrhundert gebaut.;;;Этот замок построили в 19 веке.;;
Когда опубликуют эту книгу?;;;Wann wird dieses Buch veröffentlicht?;;;Когда опубликуют эту книгу?;;
Весь город был разрушен.;;;Die ganze Stadt wurde zerstört.;;;Весь город был разрушен.;;
После войны вся страна будет разрушена.;;;Nach dem Krieg wird das ganze Land zerstört.;;;После войны вся страна будет разрушена.;;
Он был понят.;;;Er wurde verstanden.;;;Он был понят.;;
Ему помогли с домашней работой.;;;Ihm wurde (es) mit den Hausaufgaben geholfen.;;;Ему помогли с домашней работой.;;
Этот счет будет оплачен?;;;Wird diese Rechnung bezahlt?;;;Этот счет будет оплачен?;;
Пассив 2. Passiv 2. Man -> Passiv;;0;null;;;Пассив 2. Passiv 2. Man -> Passiv;;0
Автомобили всегда покупаются в Германии.;;;Man kauft Autos immer in Deutschland.;Die Autos werden immer in Deutschland gekauft.;;Автомобили всегда покупаются в Германии.;;
Нам всегда обещают больше.;;;Man verspricht uns immer mehr.;Es wird uns immer mehr versprochen.;;Нам всегда обещают больше.;;
Его целую ночь празднуют.;;;Man feiert die ganze Nacht.;Er wird die ganze Nacht gefeiert.;;Его целую ночь празднуют.;;
Всегда говорят только о ней.;;;Man spricht ständig nur über sie.;Es wird ständig nur über sie gesprochen.;;Всегда говорят только о ней.;;
Таким образом языки учатся быстрее.;;;So lernt man die Sprachen schneller.;So werden die Sprachen schneller gelernt.;;Таким образом языки учатся быстрее.;;
Эта книга читается с удовольствием.;;;Man liest gern dieses Buch.;Dieses Buch wird gerne gelesen.;;Эта книга читается с удовольствием.;;
Здесь строится новый дом.;;;Man baut hier ein neues Haus.;Hier wird ein neues Haus gebaut.;;Здесь строится новый дом.;;
Здесь играют в футбол.;;;Man spielt hier Fußball.;Hier wird (es) Fußball gespielt.;;Здесь играют в футбол.;;
В этом кафе готовят хорошо.;;;In diesem Cafe kocht man gut.;In diesem Cafe wird (es) gut gekocht.;;В этом кафе готовят хорошо.;;
Его имя всегда забывают.;;;Man vergisst immer seinen Namen.;Sein Name wird immer vergessen.;;Его имя всегда забывают.;;
Здесь говорят только по-немецки.;;;Man spricht hier nur Deutsch.;Hier wird (es) nur Deutsch gesprochen.;;Здесь говорят только по-немецки.;;
Там говорят только по-английски.;;;Dort spricht man nur Englisch.;Dort wird (es) nur Englisch gesprochen.;;Там говорят только по-английски.;;
Эту работу должны сделать сегодня.;;;Man soll diese Arbeit heute machen.;Diese Arbeit soll heute gemacht werden.;;Эту работу должны сделать сегодня.;;
Ей нужно позвонить сегодня.;;;Man muss sie heute anrufen.;Sie muss heute angerufen werden.;;Ей нужно позвонить сегодня.;;
"Пассив 3. Модальные глаголы. Passiv 3. Modal Verben ";;0;null;;;Пассив 3. Модальные глаголы. Passiv 3. Modal Verben ;;0
Сегодня все должно решиться!;;;Heute soll alles entschieden werden!;;;Сегодня все должно решиться!;;
Немецкий должен быть выучен!;;;Deutsch soll erlernt werden!;;;Немецкий должен быть выучен!;;
Надо ее спросить!;;;Sie muss gefragt werden!;;;Надо ее спросить!;;
Квартира должна быть продана!;;;Die Wohnung soll verkauft werden!;;;Квартира должна быть продана!;;
Дом должен быть отремонтирован!;;;Das Haus soll renoviert werden!;;;Дом должен быть отремонтирован!;;
Технология должна быть изобретена.;;;Die Technologie soll erfunden werden.;;;Технология должна быть изобретена.;;
Машина может быть куплена.;;;Das Auto kann gekauft werden.;;;Машина может быть куплена.;;
Сейчас нельзя делать перерыв!;;;Jetzt darf keine Pause gemacht werden.;;;Сейчас нельзя делать перерыв!;;
Школа должна быть закрыта.;;;Die Schule soll geschlossen werden.;;;Школа должна быть закрыта.;;
Пассив 4. Пассив в придаточных предложениях. Passiv 4.;;0;null;;;Пассив 4. Пассив в придаточных предложениях. Passiv 4.;;0
Она сказала, что сегодня все должно решиться.;;;Sie hat gesagt, dass heute alles entschieden werden soll.;;;Она сказала, что сегодня все должно решиться.;;
Мы думаем, что эта книга не будет издана.;;;Wir denken, dass dieses Buch nicht veröffentlicht wird.;;;Мы думаем, что эта книга не будет издана.;;
Она говорит, что сейчас нельзя делать паузу.;;;Sie sagt, dass jetzt keine Pause gemacht werden darf.;;;Она говорит, что сейчас нельзя делать паузу.;;
Он сказал, что сначала надо ее спросить.;;;Er hat gesagt, dass sie zuerst gefragt werden soll.;;;Он сказал, что сначала надо ее спросить.;;
Учитель говорит, что эта книга обязательно должна быть прочитана.;;;Der Lehrer sagt, dass dieses Buch unbedingt durchgelesen werden soll.;;;Учитель говорит, что эта книга обязательно должна быть прочитана.;;
Пассив 5. Альтернативы пассиву с модальными глаголами. Passiv 5.;;0;null;;;Пассив 5. Альтернативы пассиву с модальными глаголами. Passiv 5.;;0
Шкаф не открывается.;;;"Der Schrank lässt sich nicht öffnen. ";Der Schrank kann nicht geöffnet werden.;;Шкаф не открывается.;;
Машина легко может быть отремонтирована.;;;Das Auto lässt sich leicht reparieren.;Das Auto kann leicht reperiert werden.;;Машина легко может быть отремонтирована.;;
Окно может быть тихо закрыто.;;;Das Fenster lässt sich leise schliesen.;Das Fenster kann leise geslossen werden.;;Окно может быть тихо закрыто.;;
Пятно может быть быстро удалено.;;;Der Fleck lässt sich schnell entfernen.;Der Fleck kann schnell entfernt werden.;;Пятно может быть быстро удалено.;;
Цена за эту кухню не может быть оплачена.;;;Der Preis für diese Küche ist nicht zu bezahlen.;Der Preis für diese Küche kann nicht bezachlt werden.;;Цена за эту кухню не может быть оплачена.;;
Кухня должна убираться каждый день.;;;Die Küche ist täglich aufzuräumen.;Die Küche muss täglich aufgeräumt werden.;;Кухня должна убираться каждый день.;;
Эта дверь должна по вечерам всегда зарываться.;;;Diese Tür ist abends immer abzuschließen.;Diese Tür muss abends immer abgeschlossen werden.;;Эта дверь должна по вечерам всегда зарываться.;;
Этот текст невозможно понять.;;;Dieser Text ist nicht zu verstehen.;Dieser Text kann nicht verstanden werden.;;Этот текст невозможно понять.;;
Это задание невозможно сделать.;;;Diese Aufgabe ist nicht zu schaffen.;Diese Aufgabe kann nicht geschafft werden.;;Это задание невозможно сделать.;;
Эта работа должна быть выполнена еще сегодня до вечера.;;;Diese Arbeit ist noch bis heute Abent zu erledigen.;Diese Arbeit muss noch bis heute Abend erledigt werden.;;Эта работа должна быть выполнена еще сегодня до вечера.;;
"Проблема ""решабельна"".";;;Das Problem ist lösbar.;Das Problem kann leicht gelöst werden.;;"Проблема ""решабельна"".";;
"Испанский легко ""выучивем"".";;;Spanisch ist leicht erlernbar.;Spanisch kann leicht erlernt werden.;;"Испанский легко ""выучивем"".";;
"Эти слова легко ""понимабельны"".";;;Deine Worte sind leicht verständlich.;Deine Worte können liecht verstanden werden.;;"Эти слова легко ""понимабельны"".";;
моя тема 1;;0;null;;;моя тема 1;;0
почему ты приехал сюда так быстро?;это причина почему я сюда пришел;;Weshalb bist du so zeitig hierher gekommen?;das ist der Grund weshalb ich herkamm.;;почему ты приехал сюда так быстро?;это причина почему я сюда пришел;
ты можешь доказать что сказаное тобой правда?;;;kannst du beweisen dass es wahr ist was du gesagt hast?;;;ты можешь доказать что сказаное тобой правда?;;
поэтому его время на поместили в камеру чтобы он протрезвел, а затем выпустили;;;zur Ausnüchterung kam er demnach vorübergehend in eine Zelle und wurde später entlassen;;;поэтому его время на поместили в камеру чтобы он протрезвел, а затем выпустили;;
таким образом оба продолжают бодро развиваться;;;beides schreitet demnach weiter flott voran;;;таким образом оба продолжают бодро развиваться;;
он уютно устроился в углу читать;;;er hat sich zum Lesen in eine Ecke gekuschelt;;;он уютно устроился в углу читать;;
к тому же жёлтые детали украшают рукава и шею;;;zudem zieren gelbe Details die Ärmel und den Hals;;;к тому же жёлтые детали украшают рукава и шею;;
ziehen sich означает вести себя неестественно и скованно;;;zieren sich bedeutet sich unnatürlich und gespreizt benehmen;;;ziehen sich означает вести себя неестественно и скованно;;
это звучит немного искусственно, когда мы говорим о рефлексии подразумеваем при этом размышление;;;es klingt etwas gekünstelt, wenn wir vom Reflektieren reden und dabei das Nachdenken meinen;;;это звучит немного искусственно, когда мы говорим о рефлексии подразумеваем при этом размышление;;
в каком городе проходит экзамен на права?;;;In welcher Stadt findet die Führerscheinprüfung statt?;;;в каком городе проходит экзамен на права?;;
я начинаю;;;ich fang mal an;;;я начинаю;;
Flick только продолжает в этом отношении идею своего предшественника;;;Flick führt die Idee seines Vorgängers insoweit nur fort;;;Flick только продолжает в этом отношении идею своего предшественника;;
Поэтому в этом отношении нельзя предоставить дополнительную информацию;;;weitere Auskünfte können insoweit daher nicht erteilt werden;;;Поэтому в этом отношении нельзя предоставить дополнительную информацию;;
что у тебя на уме? что тебе мерещится?;;;was schwebt dir vor?;;;что у тебя на уме? что тебе мерещится?;;
в этом что-то есть;;;das hat was für sich;;;в этом что-то есть;;
пережить приключения не выходя из дома;;;von zu Hause aus Abenteuer erleben;;;пережить приключения не выходя из дома;;
Вы можете забрать все документы?;;;bist du sämtliche Dokumente suchen?;;;Вы можете забрать все документы?;;
То, что она создает сейчас, еще никогда не было сделано раньше.;;;Was sie gerade schafft, gab es so noch nie;;;То, что она создает сейчас, еще никогда не было сделано раньше.;;
нигде так не хорошо как здесь;;;nirgends haben wir es so gut;;;нигде так не хорошо как здесь;;
меня возмущает это наглость, бессовестность, несправедливость, ложь и невежество;;;ich bin entrüstet über diese Unverschämtheit, Gewissenlosigkeit, Ungerechtigkeit, Verlogenheit und Unwissenheit;;;меня возмущает это наглость, бессовестность, несправедливость, ложь и невежество;;
меня сильно возмутило то, как с ней обращались;;;es hat mich stark entrüstet, wie man mit ihr Verfahren ist;;;меня сильно возмутило то, как с ней обращались;;
Дети ноют, не знают, чем себя занять;;;die Kinder quengeln, wissen nicht, was sie mit sich anfangen sollen;;;Дети ноют, не знают, чем себя занять;;
Мы считаем это неприемлемым бременем на церквях;;;das halten wir für eine undzumutbare Belastung für die Kirchen;;;Мы считаем это неприемлемым бременем на церквях;;
каждый заверяет, что это его не касается, но всё равно очень переживает;;;jeder beteuert, dass es ihn nicht betreffe, ist aber doch sehr beunruhigt;;;каждый заверяет, что это его не касается, но всё равно очень переживает;;
противодействовать усилению конкуренции и значительно сократить затраты;;;verschärften Wettbewerb entgegenwirken und die Kosten erheblich reduzieren;;;противодействовать усилению конкуренции и значительно сократить затраты;;
у вас просто нет фантазии;;;ihr habt eben keine Fantasie;;;у вас просто нет фантазии;;
Повелительное наклонение;;0;null;;;Повелительное наклонение;;0
будь осторожен сегодня;Будьте осторожны сегодня;Будьте Вы осторожны сегодня;sei heute vorsichtig;Seid heute vorsichtig;Seien sie heute vorsichtig;будь осторожен сегодня;Будьте осторожны сегодня;Будьте Вы осторожны сегодня
будь спокоен;будьте спокойны;будьте Вы спокойны;sei ruhig;seid ruhig;seien Sie ruhig;будь спокоен;будьте спокойны;будьте Вы спокойны
будь всегда отважен;будьте всегда отважны;будьте Вы всегда отважны;sei immer tapfer;seid immer tapfer;seien Sie immer tapfer;будь всегда отважен;будьте всегда отважны;будьте Вы всегда отважны
не бойся;не бойтесь;Вы не бойтесь;hab keine Angst;habt keine Angst;haben sie keine Angst;не бойся;не бойтесь;Вы не бойтесь
имей мужество;имейте мужество;имейте Вы мужество;habe den Mut;habt den Mut;haben Sie den Mut;имей мужество;имейте мужество;имейте Вы мужество
танцуй хорошо;делай работу сегодня;стой здесь;Tanz gut;mach die Arbeit heute;Steh hier;танцуй хорошо;делай работу сегодня;стой здесь
прыгай высоко;работай каждый день;иди быстро;spring hoch;arbeite jeden Tag;geh schnell;прыгай высоко;работай каждый день;иди быстро
сиди тихо;открой дверь;слушай музыку;Sitz ruhig;öffne die Tür;hör die Musik;сиди тихо;открой дверь;слушай музыку
пой песню;напиши предложение;закажи пиццу;sind das Lied;schreib den Satz;bestell eine Pizza;пой песню;напиши предложение;закажи пиццу
купи машину;спроси учителя;ответь учителю;Kauf ein Auto;frag den Lehrer;antworte dem Lehrer;купи машину;спроси учителя;ответь учителю
ешь суп;иди быстрее;не упади;iss die Suppe;lauf schnell;Fall nicht;ешь суп;иди быстрее;не упади
возьми мою машину;не носи мою шляпу;говори громко;nimm mein Auto;trag meinen Hut nicht;sprich laut;возьми мою машину;не носи мою шляпу;говори громко
не спи сегодня;не забудь свою книгу;помой свою машину;Schlaf heute nicht;vergiss dein Buch nicht;wasch dein Auto;не спи сегодня;не забудь свою книгу;помой свою машину
помоги своему другу;едь осторожно;лови кошку;hilft deinem Freund;fahr vorsichtig;Fang die Katze;помоги своему другу;едь осторожно;лови кошку
читай книгу;помоги своим родителям;дай мне свою машину;lies das Buch;hilf deinen Eltern;gib mir dein Auto;читай книгу;помоги своим родителям;дай мне свою машину
моя 2;;0;null;;;моя 2;;0
из-за чего начальница приехала в офис на велосипед? из-за хорошей погоды.;;;Weswegen kommt die Chefin mit dem Fahrrad ins Büro? Wegen des schönen Wetters.;;;из-за чего начальница приехала в офис на велосипед? из-за хорошей погоды.;;
Я постараюсь сегодня смочь прийти;;;ich versuche heute kommen zu können;;;Я постараюсь сегодня смочь прийти;;
мы рады помочь вам помочь;;;wir freuen uns, Ihnen helfen zu können;;;мы рады помочь вам помочь;;
Я позволю тебе победить сегодня;;;ich lasse dich heute gewinnen;;;Я позволю тебе победить сегодня;;
Я очень сейчас играть на пианино;;;ich lerne gerade Klavier spielen;;;Я очень сейчас играть на пианино;;
не помогаю тебе учить немецкий;;;ich helfe dir Deutsch lernen;;;не помогаю тебе учить немецкий;;
я остаюсь лежать;;;ich bleibe liegen;;;я остаюсь лежать;;
какие философские теории кажутся тебе наиболее увлекательными?;;;Welche philosophischen Theorien findest du am faszinierendsten?;;;какие философские теории кажутся тебе наиболее увлекательными?;;
В чём здесь дело?;О чём здесь речь?;;Was geht es hier vor?;Worum geht es hier?;;В чём здесь дело?;О чём здесь речь?;
Я знаю это, поскольку я пришёл оттуда, откуда ты пришёл.;;;Ich weiß das, denn ich komme daher, wo du herkommst.;;;Я знаю это, поскольку я пришёл оттуда, откуда ты пришёл.;;
Ей много не везло. Оттуда её неудовлетворённость.;;;sie hat viele Pech gehabt. Daher kommt ihre Unzufriedenheit.;;;Ей много не везло. Оттуда её неудовлетворённость.;;
ты был на почте? да, оттуда Я сейчас иду.;;;Bist du auf der Post gewesen? Ja, daher komme ich gerade.;;;ты был на почте? да, оттуда Я сейчас иду.;;
вы всегда увлечены своим делом и всегда выкладываетесь на 100%;;;Sie sind stets mit Leidenschaft bei der Sache und geben immer 100%;;;вы всегда увлечены своим делом и всегда выкладываетесь на 100%;;
это сделано поэтому образцу (оригиналу);;;das ist von dieser Vorlage abgearbeitet;;;это сделано поэтому образцу (оригиналу);;
я избегаю того, чтобы заходить в этот район;;;Ich vermeide es, den Bereich zu betreten;;;я избегаю того, чтобы заходить в этот район;;
Subjektive Bedeutung von Modalverben, Futur 2 und dergleichen;;0;null;;;Subjektive Bedeutung von Modalverben, Futur 2 und dergleichen;;0
Он должен быть сейчас в оффисе (уверенность почти 100%);;;Er muss jetzt im Büro sein.;Er kann jetzt nur im Büro sein.;Er ist jetzt sicherlich im Büro.;Он должен быть сейчас в оффисе (уверенность почти 100%);;
Он должен был быть в бюро;;;Er muss im Büro gewesen sein.;;;Он должен был быть в бюро;;
Вы (множественное число) должно быть сейчас в офисе (уверенность около 80%);;;Ihr müsstet jetzt im Büro sein.;Ihr seid jetzt sehr wahrscheinlich im Büro.;;Вы (множественное число) должно быть сейчас в офисе (уверенность около 80%);;
Вы (множественное число), должно быть, были в офисе.;;;Ihr müsstet im Büro gewesen sein.;Ihr wart sehr wahrscheinlich im Büro.;;Вы (множественное число), должно быть, были в офисе.;;
Он наверное сейчас в офисе (уверенность около 75%);;;Er dürfte jetzt im Büro sein.;Er ist jetzt wahrscheinlich im Büro.;;Он наверное сейчас в офисе (уверенность около 75%);;
Он наверное был в офисе (уверенность около 75%);;;Er dürfte im Büro gewesen sein.;Er wird im Büro gewesen sein. (Futur 2);;Он наверное был в офисе (уверенность около 75%);;
Он может быть сейчас в офисе (уверенность около 50%);;;Er kann jetzt im Büro sein.;Er ist jetzt vielleicht im Büro.;;Он может быть сейчас в офисе (уверенность около 50%);;
Он мог бы быть сейчас в офисе (уверенность около 40%);;;Er könnte jetzt im Büro sein.;Er ist jetzt möglicherweise im Büro.;;Он мог бы быть сейчас в офисе (уверенность около 40%);;
Авось он сейчас в офисе (уверенность около 30%);;;Er mag jetzt im Büro sein.;Er ist jetzt vielleicht im Büro.;;Авось он сейчас в офисе (уверенность около 30%);;
Говорят, что Карлос поедет к своим родственникам в Испанию. (передача информации от другого лица);;;Karlos soll zu seinen Verwandten nach Spanien fahren.;;;Говорят, что Карлос поедет к своим родственникам в Испанию. (передача информации от другого лица);;
Говорят, что Карлос поехал к своим родственникам в Испанию. (передача информации от другого лица);;;Karlos soll zu seinen Verwandten nach Spanien gefahren sein.;;;Говорят, что Карлос поехал к своим родственникам в Испанию. (передача информации от другого лица);;
Мария, по ее словам, на каникулах останется дома. (доля сомнения в ее словах);;;Maria will in der Ferien zu Hause bleiben.;;;Мария, по ее словам, на каникулах останется дома. (доля сомнения в ее словах);;
Мария, по ее словам, на каникулах осталась дома. (доля сомнения в ее словах);;;Maria will in der Ferien zu Hause geblieben sein.;;;Мария, по ее словам, на каникулах осталась дома. (доля сомнения в ее словах);;
Я давное его уже не видел: наверное он улетел домой. Футур 2.;;;Ich habe ihn schon lange nocht mehr gesehen, wird er nach Hause geflogen sein.;;;Я давное его уже не видел: наверное он улетел домой. Футур 2.;;
Ты выдглядишь очень усталым: должно быть ты мало спал. Футур 2.;;;Du siehst sehr müde aus, du wirst wohl wenig geschlafen haben.;;;Ты выдглядишь очень усталым: должно быть ты мало спал. Футур 2.;;
Wortfamilie NEHMEN Verben;;0;null;;;Wortfamilie NEHMEN Verben;;0
Он принимает ванну.;;;Er nimmt ein Bad.;;;Он принимает ванну.;;
Пожалуйста, присаживайтесь!;;;Nehmen Sie bitte Platz!;;;Пожалуйста, присаживайтесь!;;
Он регулярно принимал лекарства.;;;Er nahm die Medikamente regelmäßig.;;;Он регулярно принимал лекарства.;;
Она взяла ребенка за руку.;;;Sie nahm das Kind bei der Hand.;;;Она взяла ребенка за руку.;;
Он взял слишком много сахара.;;;Er hat zu viel Zucker genommen.;;;Он взял слишком много сахара.;;
Она похудела на 5 кг.;;;Sie hat 5 Kilo abgenommen.;;;Она похудела на 5 кг.;;
Могу я взять у вас пальто?;;;Kann ich Ihnen den Mantel abnehmen?;;;Могу я взять у вас пальто?;;
Дни зимой становятся короче.;;;Die Tage nehmen im Winter ab.;;;Дни зимой становятся короче.;;
Я предполагаю, что он придет завтра.;;;Ich nehme an, dass er morgen kommt.;;;Я предполагаю, что он придет завтра.;;
Она приняла подарок.;;;Sie hat das Geschenk angenommen.;;;Она приняла подарок.;;
Супружеская пара хочет усыновить ребенка.;;;Das Ehepaar will ein Kind annehmen.;;;Супружеская пара хочет усыновить ребенка.;;
Университет принимает новых студентов.;;;Die Universität nimmt neue Studenten auf.;;;Университет принимает новых студентов.;;
Я записываю концерт.;;;Ich nehme das Konzert auf.;;;Я записываю концерт.;;
Он сделал красивый снимок пейзажа.;;;Er hat ein schönes Foto von der Landschaft aufgenommen.;;;Он сделал красивый снимок пейзажа.;;
Повар потрошит рыбу.;;;Der Koch nimmt den Fisch aus.;;;Повар потрошит рыбу.;;
Тебя я исключаю из правила.;;;Dich nehme ich von der Regel aus.;;;Тебя я исключаю из правила.;;
Дом хорошо выглядит.;;;Das Haus nimmt sich gut aus.;;;Дом хорошо выглядит.;;
Ты ведешь себя невозможно!;;;Du benimmst dich unmöglich!;;;Ты ведешь себя невозможно!;;
Дети хорошо себя вели.;;;Die Kinder haben sich gut benommen.;;;Дети хорошо себя вели.;;
Мы прорабатываем эту главу завтра.;;;Wir nehmen das Kapitel morgen durch.;;;Мы прорабатываем эту главу завтра.;;
Учитель тщательно проработал материал.;;;Der Lehrer hat den Stoff gründlich durchgenommen.;;;Учитель тщательно проработал материал.;;
Я ежедневно принимаю витамины.;;;Ich nehme täglich Vitamine ein.;;;Я ежедневно принимаю витамины.;;
Туристы заняли все места.;;;Die Touristen nahmen alle Plätze ein.;;;Туристы заняли все места.;;
Его личность располагает меня к нему.;;;Seine Persönlichkeit nimmt mich für ihn ein.;;;Его личность располагает меня к нему.;;
Из таблицы мы можем извлечь следующие данные.;;;Wir können der Tabelle folgende Daten entnehmen.;;;Из таблицы мы можем извлечь следующие данные.;;
Врач взял кровь.;;;Der Arzt hat Blut entnommen.;;;Врач взял кровь.;;
Идея была заимствована из романа.;;;Die Idee wurde einem Roman entnommen.;;;Идея была заимствована из романа.;;
Возьми с собой зонт!;;;Nimm einen Regenschirm mit!;;;Возьми с собой зонт!;;
Путешествие его очень утомило.;;;Die Reise hat ihn sehr mitgenommen.;;;Путешествие его очень утомило.;;
Мы берем на себя расходы.;;;Wir übernehmen die Kosten.;;;Мы берем на себя расходы.;;
Она переняла фирму от своего отца.;;;Sie hat die Firma von ihrem Vater übernommen.;;;Она переняла фирму от своего отца.;;
Она сделала всё, чтобы помочь.;;;Sie hat alles unternommen, um zu helfen.;;;Она сделала всё, чтобы помочь.;;
Полиция допросила свидетеля.;;;Die Polizei hat den Zeugen vernommen.;;;Полиция допросила свидетеля.;;
Как я слышу, он болен.;;;Wie ich vernehme, ist er krank.;;;Как я слышу, он болен.;;
Я намерен заниматься больше спортом.;;;Ich habe mir vorgenommen, mehr Sport zu treiben.;;;Я намерен заниматься больше спортом.;;
Правительство вносит (предпринимает, осуществляет) изменения в закон.;;;Die Regierung nimmt Änderungen am Gesetz vor.;;;Правительство вносит (предпринимает, осуществляет) изменения в закон.;;
Он отобрал у меня мою книгу.;;;Er hat mir mein Buch weggenommen.;;;Он отобрал у меня мою книгу.;;
Домашние задания отнимают много времени.;;;Die Hausaufgaben nehmen viel Zeit weg.;;;Домашние задания отнимают много времени.;;
Я набрал 3 кг за время каникул.;;;Ich habe in den Ferien 3 Kilo zugenommen.;;;Я набрал 3 кг за время каникул.;;
Значение интернета постоянно возрастает.;;;Die Bedeutung des Internets nimmt ständig zu.;;;Значение интернета постоянно возрастает.;;
Ветер усиливается.;;;Der Wind nimmt zu.;;;Ветер усиливается.;;
Многие люди приняли участие в демонстрации.;;;Viele Menschen nahmen an der Demonstration teil.;;;Многие люди приняли участие в демонстрации.;;
Wortfamilie NEHMEN Nomen;;0;null;;;Wortfamilie NEHMEN Nomen;;0
Снижение производства вызывает у нас беспокойство.;;;Die Abnahme der Produktion bereitet uns Sorgen.;;;Снижение производства вызывает у нас беспокойство.;;
Приёмка нового здания состоится на следующей неделе.;;;Die Abnahme des Neubaus findet nächste Woche statt.;;;Приёмка нового здания состоится на следующей неделе.;;
Ваше предположение неверно.;;;Ihre Annahme ist falsch.;;;Ваше предположение неверно.;;
Прием посылки осуществляется между 8 и 18 часами.;;;Die Annahme des Pakets erfolgt zwischen 8 und 18 Uhr.;;;Прием посылки осуществляется между 8 и 18 часами.;;
Прием в клуб бесплатный.;;;Die Aufnahme in den Verein ist kostenlos.;;;Прием в клуб бесплатный.;;
Запись альбома заняла два месяца.;;;Die Aufnahme des Albums dauerte zwei Monate.;;;Запись альбома заняла два месяца.;;
Это красивый снимок пляжа.;;;Das ist eine schöne Aufnahme vom Strand.;;;Это красивый снимок пляжа.;;
Нет правила без исключения.;;;Es gibt keine Regel ohne Ausnahme.;;;Нет правила без исключения.;;
Его поведение оставляет желать лучшего.;;;Sein Benehmen lässt zu wünschen übrig.;;;Его поведение оставляет желать лучшего.;;
Регулярный прием лекарств важен.;;;Die regelmäßige Einnahme der Medikamente ist wichtig.;;;Регулярный прием лекарств важен.;;
Доходы от концерта идут на благотворительные цели.;;;Die Einnahmen des Konzerts gehen an wohltätige Zwecke.;;;Доходы от концерта идут на благотворительные цели.;;
Забор воды из реки запрещен.;;;Die Entnahme von Wasser aus dem Fluss ist verboten.;;;Забор воды из реки запрещен.;;
Для снятия со счета вам нужен ваш PIN-код.;;;Für die Entnahme vom Konto benötigen Sie Ihre PIN.;;;Для снятия со счета вам нужен ваш PIN-код.;;
Взятие с собой домашних животных не разрешается.;;;Die Mitnahme von Haustieren ist nicht erlaubt.;;;Взятие с собой домашних животных не разрешается.;;
Еда на вынос.;;;Speisen zur Mitnahme.;;;Еда на вынос.;;
Поглощение фирмы предстоит в ближайшее время.;;;Die Übernahme der Firma steht kurz bevor.;;;Поглощение фирмы предстоит в ближайшее время.;;
Он отказался брать на себя ответственность.;;;Er lehnte die Übernahme der Verantwortung ab.;;;Он отказался брать на себя ответственность.;;
Он работает в международной компании.;;;Er arbeitet in einem internationalen Unternehmen.;;;Он работает в международной компании.;;
В компании работают 200 сотрудников.;;;Das Unternehmen hat 200 Mitarbeiter.;;;В компании работают 200 сотрудников.;;
Адвокат присутствовал на допросе.;;;Der Anwalt war bei der Vernehmung anwesend.;;;Адвокат присутствовал на допросе.;;
Проведение данной операции требует специальной подготовки.;;;Die Vornahme dieser Operation erfordert spezielle Ausbildung.;;;Проведение данной операции требует специальной подготовки.;;
Внесение необходимых изменений.;;;Die Vornahme der notwendigen Änderungen.;;;Внесение необходимых изменений.;;
Изъятие имущества без судебного постановления незаконно.;;;Die Wegnahme von Eigentum ohne gerichtlichen Beschluss ist illegal.;;;Изъятие имущества без судебного постановления незаконно.;;
После отнятия его игрушки ребенок заплакал.;;;Nach der Wegnahme seines Spielzeugs weinte das Kind.;;;После отнятия его игрушки ребенок заплакал.;;
Рост преступности вызывает беспокойство.;;;Die Zunahme der Kriminalität bereitet Sorgen.;;;Рост преступности вызывает беспокойство.;;
Большое спасибо за ваше участие!;;;Vielen Dank für Ihre Teilnahme!;;;Большое спасибо за ваше участие!;;
Китай является крупнейшим потребителем немецких автомобилей.;;;China ist der größte Abnehmer für deutsche Autos.;;;Китай является крупнейшим потребителем немецких автомобилей.;;
Как работник, вы имеете право на отпуск.;;;Als Arbeitnehmer hat man Anspruch auf Urlaub.;;;Как работник, вы имеете право на отпуск.;;
Как предприниматель, вы несете большую ответственность.;;;Als Unternehmer trägt man viel Verantwortung.;;;Как предприниматель, вы несете большую ответственность.;;
Предпринимательство поддерживается государством.;;;Das Unternehmertum wird vom Staat gefördert.;;;Предпринимательство поддерживается государством.;;
Управление предприятием находится в хороших руках.;;;Die Unternehmensführung liegt in guten Händen.;;;Управление предприятием находится в хороших руках.;;
Корпоративная культура отражает ценности компании.;;;Die Unternehmenskultur spiegelt die Werte der Firma wider.;;;Корпоративная культура отражает ценности компании.;;
Участники оживленно дискутировали.;;;Die Teilnehmer diskutierten lebhaft.;;;Участники оживленно дискутировали.;;
Плата за участие покрывает питание и материалы.;;;Die Teilnehmergebühr deckt Verpflegung und Unterlagen.;;;Плата за участие покрывает питание и материалы.;;
Пожалуйста, занесите себя в список участников.;;;Bitte tragen Sie sich in die Teilnehmerliste ein.;;;Пожалуйста, занесите себя в список участников.;;
В этой исключительной ситуации мы должны реагировать гибко.;;;In dieser Ausnahmesituation müssen wir flexibel reagieren.;;;В этой исключительной ситуации мы должны реагировать гибко.;;
Это разрешено только в исключительном случае.;;;Das ist nur im Ausnahmefall erlaubt.;;;Это разрешено только в исключительном случае.;;
Существует исключительное правило для студентов.;;;Es gibt eine Ausnahmeregelung für Studenten.;;;Существует исключительное правило для студентов.;;
В городе было введено чрезвычайное положение.;;;In der Stadt wurde der Ausnahmezustand verhängt.;;;В городе было введено чрезвычайное положение.;;
Wortfamilie NEHMEN Adjektive, Adverbien;;0;null;;;Wortfamilie NEHMEN Adjektive, Adverbien;;0
Это приемлемое предложение.;;;Das ist ein annehmbarer Vorschlag.;;;Это приемлемое предложение.;;
Цена вполне приемлемая.;;;Der Preis ist durchaus annehmbar.;;;Цена вполне приемлемая.;;
Эти условия для нас неприемлемы.;;;Diese Bedingungen sind für uns unannehmbar.;;;Эти условия для нас неприемлемы.;;
Принимающая страна должна обеспечивать беженцев.;;;Das aufnehmende Land muss die Flüchtlinge versorgen.;;;Принимающая страна должна обеспечивать беженцев.;;
Записывающая камера фиксирует каждую деталь.;;;Die aufnehmende Kamera erfasst jedes Detail.;;;Записывающая камера фиксирует каждую деталь.;;
Его обаятельный характер делал его популярным.;;;Seine einnehmende Art machte ihn beliebt.;;;Его обаятельный характер делал его популярным.;;
Требуются предпринимательские действия.;;;Unternehmerisches Handeln ist gefragt.;;;Требуются предпринимательские действия.;;
Она сочувственно смотрела на раненого.;;;Sie blickte teilnehmend auf den Verletzten.;;;Она сочувственно смотрела на раненого.;;
Участвующие страны подписали соглашение.;;;Die teilnehmenden Länder unterzeichneten das Abkommen.;;;Участвующие страны подписали соглашение.;;
Все присутствовали, за исключением Петера.;;;Alle waren anwesend, ausgenommen Peter.;;;Все присутствовали, за исключением Петера.;;
Допрошенный свидетель подтвердил показания.;;;Der vernommene Zeuge bestätigte die Aussage.;;;Допрошенный свидетель подтвердил показания.;;
Предвзятое освещение.;;;Eine voreingenommene Berichterstattung.;;;Предвзятое освещение.;;
Wortfamilie NEHMEN Aussage;;0;null;;;Wortfamilie NEHMEN Aussage;;0
Нам нужно наконец приступить к этому проекту.;;;Wir müssen dieses Projekt endlich in Angriff nehmen.;;;Нам нужно наконец приступить к этому проекту.;;
Он попрощался со своей семьей.;;;Er nahm Abschied von seiner Familie.;;;Он попрощался со своей семьей.;;
Гости заняли места за длинным столом.;;;Die Gäste nahmen an der langen Tafel Platz.;;;Гости заняли места за длинным столом.;;
Я не хочу занимать слишком много вашего времени.;;;Ich möchte nicht zu viel von Ihrer Zeit in Anspruch nehmen.;;;Я не хочу занимать слишком много вашего времени.;;
С этими недостатками нам придется смириться.;;;Diese Nachteile müssen wir in Kauf nehmen.;;;С этими недостатками нам придется смириться.;;
Я принимаю вашу жалобу к сведению.;;;Ich nehme Ihre Beschwerde zur Kenntnis.;;;Я принимаю вашу жалобу к сведению.;;
Он всегда считается с моими желаниями.;;;Er nimmt immer Rücksicht auf meine Wünsche.;;;Он всегда считается с моими желаниями.;;
Я ссылаюсь на ваше письмо от 10 мая.;;;Ich nehme Bezug auf Ihren Brief vom 10. Mai.;;;Я ссылаюсь на ваше письмо от 10 мая.;;
Он поклялся отомстить.;;;Er schwor, Rache zu nehmen.;;;Он поклялся отомстить.;;
Все факторы были приняты во внимание.;;;Alle Faktoren wurden in Betracht genommen.;;;Все факторы были приняты во внимание.;;
Уделяй время своей семье.;;;Nimm dir Zeit für deine Familie.;;;Уделяй время своей семье.;;
Он очень строго придерживается правил.;;;Er nimmt es mit den Regeln sehr genau.;;;Он очень строго придерживается правил.;;
Она не слишком пунктуальна.;;;Sie nimmt es mit der Pünktlichkeit nicht so genau.;;;Она не слишком пунктуальна.;;
Wortfamilie GEBEN Verben;;0;null;;;Wortfamilie GEBEN Verben;;0
Я даю тебе книгу.;Она устраивает вечеринку в субботу.;;Ich gebe dir das Buch.;Sie gibt eine Party am Samstag.;;Я даю тебе книгу.;Она устраивает вечеринку в субботу.;
Существует много проблем, которые нужно решить.;;;Es gibt viele Probleme zu lösen.;;;Существует много проблем, которые нужно решить.;;
Что нового?;Назревают проблемы.;;Was gibt es Neues?;Es gibt Ärger;;Что нового?;Назревают проблемы.;
Вы должны сдать заявление до завтра.;;;Sie müssen den Antrag bis morgen abgeben.;;;Вы должны сдать заявление до завтра.;;
Я передаю ответственность тебе.;;;Ich gebe die Verantwortung an dich ab.;;;Я передаю ответственность тебе.;;
Двигатель издаёт странные звуки.;;;Der Motor gibt seltsame Geräusche ab.;;;Двигатель издаёт странные звуки.;;
Цветы источают приятный аромат.;;;Die Blumen geben einen angenehmen Duft ab.;;;Цветы источают приятный аромат.;;
Пожалуйста, укажите своё имя.;;;Bitte geben Sie Ihren Namen an.;;;Пожалуйста, укажите своё имя.;;
Он любит хвастаться своей новой машиной.;;;Er gibt gerne mit seinem neuen Auto an.;;;Он любит хвастаться своей новой машиной.;;
Она сдалась в борьбе.;;;Sie hat den Kampf aufgegeben.;;;Она сдалась в борьбе.;;
Ему пришлось отказаться от своей мечты.;;;Er musste seinen Traum aufgeben.;;;Ему пришлось отказаться от своей мечты.;;
Учитель задаёт много домашних заданий.;;;Der Lehrer gibt viele Hausaufgaben auf.;;;Учитель задаёт много домашних заданий.;;
Она подала объявление.;;;Sie hat eine Anzeige aufgegeben.;;;Она подала объявление.;;
Мы потратили всё на отпуск.;;;Wir haben alles für den Urlaub ausgegeben.;;;Мы потратили всё на отпуск.;;
Он выдаёт себя за врача.;;;Er gibt sich als Arzt aus.;;;Он выдаёт себя за врача.;;
Она отправилась в аэропорт.;;;Sie begab sich zum Flughafen.;;;Она отправилась в аэропорт.;;
Мы подвергаем себя опасности.;;;Wir begeben uns in Gefahr.;;;Мы подвергаем себя опасности.;;
Можешь передать мне цифры?;;;Kannst du mir die Zahlen durchgeben?;;;Можешь передать мне цифры?;;
Сообщение было немедленно передано.;;;Die Nachricht wurde sofort durchgegeben.;;;Сообщение было немедленно передано.;;
Пожалуйста, введите ваш пароль.;;;Bitte geben Sie Ihr Passwort ein.;;;Пожалуйста, введите ваш пароль.;;
Кто внушил тебе эту идею?;;;Wer hat dir diese Idee eingegeben?;;;Кто внушил тебе эту идею?;;
Два плюс два равно четырем.;;;Zwei plus zwei ergibt vier.;;;Два плюс два равно четырем.;;
Исследование не дало никаких подсказок.;;;Die Untersuchung ergab keine Hinweise.;;;Исследование не дало никаких подсказок.;;
Солдаты сдались.;;;Die Soldaten haben sich ergeben.;;;Солдаты сдались.;;
Он смирился со своей судьбой.;;;Er ergab sich seinem Schicksal.;;;Он смирился со своей судьбой.;;
Из этого вытекает новый вопрос.;;;Daraus ergibt sich eine neue Frage.;;;Из этого вытекает новый вопрос.;;
Случайно получилось так, что мы встретились.;;;Es ergab sich zufällig, dass wir uns trafen.;;;Случайно получилось так, что мы встретились.;;
Дорога была открыта для движения.;;;Die Straße wurde für den Verkehr freigegeben.;;;Дорога была открыта для движения.;;
Босс одобрил мой отпуск.;;;Der Chef hat meinen Urlaub freigegeben.;;;Босс одобрил мой отпуск.;;
Правительство выделило средства.;;;Die Regierung hat die Gelder freigegeben.;;;Правительство выделило средства.;;
Он не хочет отдавать свою книгу.;;;Er will sein Buch nicht hergeben.;;;Он не хочет отдавать свою книгу.;;
Эта ситуация не даёт много возможностей.;;;Diese Situation gibt nicht viel her.;;;Эта ситуация не даёт много возможностей.;;
Почва даёт хороший урожай.;;;Der Boden gibt gute Ernte her.;;;Почва даёт хороший урожай.;;
Он посвятил себя музыке.;;;Er hat sich der Musik hingegeben.;;;Он посвятил себя музыке.;;
Она полностью отдаётся своей работе.;;;Sie gibt sich ganz ihrer Arbeit hin.;;;Она полностью отдаётся своей работе.;;
Я не могу отдать эту книгу.;;;Ich kann dieses Buch nicht hingeben.;;;Я не могу отдать эту книгу.;;
После долгого спора он уступил.;;;Nach langem Streit hat er nachgegeben.;;;После долгого спора он уступил.;;
Материал прогибается под давлением.;;;Das Material gibt unter Druck nach.;;;Материал прогибается под давлением.;;
Она уступила его просьбам.;;;Sie gab seinen Bitten nach.;;;Она уступила его просьбам.;;
Он не хотел раскрывать свой секрет.;;;Er wollte sein Geheimnis nicht preisgeben.;;;Он не хотел раскрывать свой секрет.;;
Компания раскрыла конфиденциальную информацию.;;;Die Firma hat vertrauliche Informationen preisgegeben.;;;Компания раскрыла конфиденциальную информацию.;;
Она отказалась от своей частной жизни.;;;Sie hat ihre Privatsphäre preisgegeben.;;;Она отказалась от своей частной жизни.;;
Министр вручил победителю медаль.;;;Der Minister übergab dem Sieger die Medaille.;;;Министр вручил победителю медаль.;;
Она передала мне ответственность.;;;Sie hat mir die Verantwortung übergeben.;;;Она передала мне ответственность.;;
Ему было так плохо, что его вырвало.;;;Ihm war so übel, dass er sich übergeben musste.;;;Ему было так плохо, что его вырвало.;;
Ребёнка вырвало от волнения.;;;Das Kind hat sich vor Aufregung übergeben.;;;Ребёнка вырвало от волнения.;;
Дом окружён садом.;;;Das Haus ist von einem Garten umgeben.;;;Дом окружён садом.;;
Она окружила себя хорошими друзьями.;;;Sie umgab sich mit guten Freunden.;;;Она окружила себя хорошими друзьями.;;
Город окружён горами.;;;Die Stadt ist von Bergen umgeben.;;;Город окружён горами.;;
Я простил ему его ошибки.;;;Ich habe ihm seine Fehler vergeben.;;;Я простил ему его ошибки.;;
Можешь ли ты меня простить?;;;Kannst du mir vergeben?;;;Можешь ли ты меня простить?;;
Места уже были распределены.;;;Die Stellen wurden bereits vergeben.;;;Места уже были распределены.;;
Она распределила роли в спектакле.;;;Sie vergab die Rollen in dem Theaterstück.;;;Она распределила роли в спектакле.;;
Он делает вид, что богат.;;;Er gibt vor, reich zu sein.;;;Он делает вид, что богат.;;
Она притворилась, что ничего об этом не знает.;;;Sie gab vor, nichts davon zu wissen.;;;Она притворилась, что ничего об этом не знает.;;
Тренер определяет стратегию.;;;Der Trainer gibt die Strategie vor.;;;Тренер определяет стратегию.;;
Пожалуйста, передай эту информацию своим коллегам.;;;Bitte gib diese Information an deine Kollegen weiter.;;;Пожалуйста, передай эту информацию своим коллегам.;;
Традиция передавалась из поколения в поколение.;;;Die Tradition wurde von Generation zu Generation weitergegeben.;;;Традиция передавалась из поколения в поколение.;;
Он передал подарок дальше.;;;Er hat das Geschenk weitergegeben.;;;Он передал подарок дальше.;;
CD-плеер превосходно воспроизводит музыку.;;;Der CD-Player gibt die Musik perfekt wieder.;;;CD-плеер превосходно воспроизводит музыку.;;
Можешь ли ты точно передать его слова?;;;Kannst du seine Worte genau wiedergeben?;;;Можешь ли ты точно передать его слова?;;
Фильм хорошо передаёт атмосферу книги.;;;Der Film gibt die Atmosphäre des Buches gut wieder.;;;Фильм хорошо передаёт атмосферу книги.;;
Он должен был признать, что совершил ошибку.;;;Er musste zugeben, dass er einen Fehler gemacht hat.;;;Он должен был признать, что совершил ошибку.;;
Она призналась, что солгала.;;;Sie gab zu, gelogen zu haben.;;;Она призналась, что солгала.;;
Добавь немного соли в суп.;;;Gib etwas Salz zu der Suppe zu.;;;Добавь немного соли в суп.;;
Медленно добавлять сахар и помешивать.;;;Zucker langsam zugeben und rühren.;;;Медленно добавлять сахар и помешивать.;;
Священник обвенчал пару.;;;Der Pfarrer hat das Paar zusammengegeben.;;;Священник обвенчал пару.;;
Мы объединяем наши ресурсы.;;;Wir geben unsere Ressourcen zusammen.;;;Мы объединяем наши ресурсы.;;
Wortfamilie GEBEN Nomen;;0;null;;;Wortfamilie GEBEN Nomen;;0
Он щедрый даритель.;;;Er ist ein großzügiger Geber.;;;Он щедрый даритель.;;
Мы всё ещё ищем доноров крови.;;;Wir suchen noch Blutgeber.;;;Мы всё ещё ищем доноров крови.;;
Это сложная задача.;;;Das ist eine schwierige Aufgabe.;;;Это сложная задача.;;
Она выполнила свою задачу.;;;Sie hat ihre Aufgabe erfüllt.;;;Она выполнила свою задачу.;;
Сдача города была неизбежна.;;;Die Aufgabe der Stadt war unvermeidbar.;;;Сдача города была неизбежна.;;
Он сожалеет об отказе от своего бизнеса.;;;Er bereut die Aufgabe seines Geschäfts.;;;Он сожалеет об отказе от своего бизнеса.;;
Сдача налоговой декларации до конца марта.;;;Die Abgabe der Steuererklärung ist bis Ende März.;;;Сдача налоговой декларации до конца марта.;;
Налоги были повышены.;;;Die Abgaben wurden erhöht.;;;Налоги были повышены.;;
Ей пришлось платить высокие налоги.;;;Sie musste hohe Abgaben zahlen.;;;Ей пришлось платить высокие налоги.;;
Согласно его утверждениям, он был дома.;;;Laut seinen Angaben war er zu Hause.;;;Согласно его утверждениям, он был дома.;;
Пожалуйста, заполните все данные.;;;Bitte füllen Sie alle Angaben aus.;;;Пожалуйста, заполните все данные.;;
Эти данные неполные.;;;Diese Angaben sind unvollständig.;;;Эти данные неполные.;;
Наши ежемесячные расходы слишком высоки.;;;Unsere monatlichen Ausgaben sind zu hoch.;;;Наши ежемесячные расходы слишком высоки.;;
Контролируйте свои расходы.;;;Kontrollieren Sie Ihre Ausgaben.;;;Контролируйте свои расходы.;;
Вышел новый выпуск журнала.;;;Die neue Ausgabe der Zeitschrift ist erschienen.;;;Вышел новый выпуск журнала.;;
У него ограниченное издание книги.;;;Er hat eine limitierte Ausgabe des Buches.;;;У него ограниченное издание книги.;;
Ввод данных занимает много времени.;;;Die Eingabe der Daten dauert lange.;;;Ввод данных занимает много времени.;;
Пожалуйста, проверьте ваш ввод.;;;Bitte überprüfen Sie Ihre Eingabe.;;;Пожалуйста, проверьте ваш ввод.;;
Он подал заявление в суд.;;;Er hat eine Eingabe bei Gericht gemacht.;;;Он подал заявление в суд.;;
Запрос был отклонён.;;;Die Eingabe wurde abgelehnt.;;;Запрос был отклонён.;;
Результат экзамена был хорошим.;;;Das Ergebnis der Prüfung war gut.;;;Результат экзамена был хорошим.;;
Мы ждём результатов исследования.;;;Wir warten auf die Ergebnisse der Untersuchung.;;;Мы ждём результатов исследования.;;
Окончательный результат ещё не известен.;;;Das Endergebnis steht noch aus.;;;Окончательный результат ещё не известен.;;
Она работает с большой самоотдачей.;;;Sie arbeitet mit großer Hingabe.;;;Она работает с большой самоотдачей.;;
Его преданность музыке восхитительна.;;;Seine Hingabe zur Musik ist bewundernswert.;;;Его преданность музыке восхитительна.;;
С преданностью он посвящает себя своим детям.;;;Mit Hingabe widmet er sich seinen Kindern.;;;С преданностью он посвящает себя своим детям.;;
Окрестности отеля очень красивые.;;;Die Umgebung des Hotels ist sehr schön.;;;Окрестности отеля очень красивые.;;
В этой обстановке я чувствую себя комфортно.;;;In dieser Umgebung fühle ich mich wohl.;;;В этой обстановке я чувствую себя комфортно.;;
Природное окружение должно быть защищено.;;;Die natürliche Umgebung muss geschützt werden.;;;Природное окружение должно быть защищено.;;
Вручение подарка состоится завтра.;;;Die Übergabe des Geschenks findet morgen statt.;;;Вручение подарка состоится завтра.;;
При передаче дома возникли проблемы.;;;Bei der Übergabe des Hauses gab es Probleme.;;;При передаче дома возникли проблемы.;;
Передача власти прошла мирно.;;;Die Übergabe der Macht verlief friedlich.;;;Передача власти прошла мирно.;;
Распределение заказов произойдёт на следующей неделе.;;;Die Vergabe der Aufträge erfolgt nächste Woche.;;;Распределение заказов произойдёт на следующей неделе.;;
При выдаче призов произошла ошибка.;;;Bei der Vergabe der Preise gab es einen Fehler.;;;При выдаче призов произошла ошибка.;;
Выдача кредитов была ограничена.;;;Die Vergabe von Krediten wurde eingeschränkt.;;;Выдача кредитов была ограничена.;;
Он работает по указаниям босса.;;;Er arbeitet nach den Vorgaben des Chefs.;;;Он работает по указаниям босса.;;
Требования строгие.;;;Die Vorgaben sind streng.;;;Требования строгие.;;
Она выполнила все установки.;;;Sie hat alle Vorgaben erfüllt.;;;Она выполнила все установки.;;
Воспроизведение музыки превосходное.;;;Die Wiedergabe der Musik ist exzellent.;;;Воспроизведение музыки превосходное.;;
Точная передача его слов затруднительна.;;;Eine genaue Wiedergabe seiner Worte ist schwierig.;;;Точная передача его слов затруднительна.;;
Воспроизведение начинается автоматически.;;;Die Wiedergabe startet automatisch.;;;Воспроизведение начинается автоматически.;;
Добавление соли улучшает вкус.;;;Die Zugabe von Salz verbessert den Geschmack.;;;Добавление соли улучшает вкус.;;
Небольшое добавление не повредит.;;;Eine kleine Zugabe würde nicht schaden.;;;Небольшое добавление не повредит.;;
Публика требовала бис.;;;Das Publikum forderte eine Zugabe.;;;Публика требовала бис.;;
Группа исполнила два биса.;;;Die Band spielte zwei Zugaben.;;;Группа исполнила два биса.;;
Бог — милостивый прощающий грехи.;;;Gott ist ein gnädiger Vergeber der Sünden.;;;Бог — милостивый прощающий грехи.;;
Он распределяет заказы в компании.;;;Er ist der Vergeber von Aufträgen in der Firma.;;;Он распределяет заказы в компании.;;
Его уступчивостью часто пользуются.;;;Seine Nachgiebigkeit wird oft ausgenutzt.;;;Его уступчивостью часто пользуются.;;
Слишком большая уступчивость не всегда хороша.;;;Zu viel Nachgiebigkeit ist nicht immer gut.;;;Слишком большая уступчивость не всегда хороша.;;
Его щедрость не знает границ.;;;Seine Freigebigkeit kennt keine Grenzen.;;;Его щедрость не знает границ.;;
Мы восхищаемся её щедростью.;;;Wir bewundern ihre Freigebigkeit.;;;Мы восхищаемся её щедростью.;;
Wortfamilie GEBEN Adjektive und Adverbein;;0;null;;;Wortfamilie GEBEN Adjektive und Adverbein;;0
Сданные документы были проверены.;;;Die abgegebenen Unterlagen wurden überprüft.;;;Сданные документы были проверены.;;
Данное обещание должно быть выполнено.;;;Das abgegebene Versprechen muss eingehalten werden.;;;Данное обещание должно быть выполнено.;;
Указанные данные неверны.;;;Die angegebenen Daten stimmen nicht.;;;Указанные данные неверны.;;
Следуйте указанным инструкциям.;;;Folgen Sie den angegebenen Anweisungen.;;;Следуйте указанным инструкциям.;;
Он хвастливый человек.;;;Er ist ein angegebener Mensch.;;;Он хвастливый человек.;;
Она очень хвастлива.;;;Sie ist sehr angegeben.;;;Она очень хвастлива.;;
Отправленное письмо должно прийти завтра.;;;Der aufgegebene Brief sollte morgen ankommen.;;;Отправленное письмо должно прийти завтра.;;
Заброшенный проект был позже возобновлён.;;;Das aufgegebene Projekt wurde später wieder aufgenommen.;;;Заброшенный проект был позже возобновлён.;;
Потраченные деньги нельзя вернуть.;;;Das ausgegabene Geld kann nicht zurückgefordert werden.;;;Потраченные деньги нельзя вернуть.;;
Выданные инструкции были неясны.;;;Die ausgegebenen Anweisungen waren unklar.;;;Выданные инструкции были неясны.;;
Введённые данные были сохранены.;;;Die eingegebenen Daten wurden gespeichert.;;;Введённые данные были сохранены.;;
Введённый пароль неверен.;;;Das eingegebene Passwort ist falsch.;;;Введённый пароль неверен.;;
Это был продуктивный разговор.;;;Es war ein ergiebiges Gespräch.;;;Это был продуктивный разговор.;;
Почва очень плодородна.;;;Der Boden ist sehr ergiebig.;;;Почва очень плодородна.;;
Шахта богата золотом.;;;Die Mine ist ergiebig an Gold.;;;Шахта богата золотом.;;
Мы основательно отпраздновали.;;;Wir haben ausgiebig gefeiert.;;;Мы основательно отпраздновали.;;
После обильного завтрака мы пошли гулять.;;;Nach einem ausgiebigen Frühstück gingen wir spazieren.;;;После обильного завтрака мы пошли гулять.;;
Он основательно исследовал эту тему.;;;Er hat das Thema ausgiebig recherchiert.;;;Он основательно исследовал эту тему.;;
Он очень щедр на деньги.;;;Er ist sehr freigebig mit seinem Geld.;;;Он очень щедр на деньги.;;
Она щедрая хозяйка.;;;Sie ist eine freigebige Gastgeberin.;;;Она щедрая хозяйка.;;
Он был щедр на похвалу.;;;Er war freigebig mit Lob.;;;Он был щедр на похвалу.;;
Она самоотверженно заботится о своих детях.;;;Sie kümmert sich hingebungsvoll um ihre Kinder.;;;Она самоотверженно заботится о своих детях.;;
Он с преданностью работает над своим проектом.;;;Er arbeitet hingebungsvoll an seinem Projekt.;;;Он с преданностью работает над своим проектом.;;
Она самозабвенно играла на пианино.;;;Sie spielte hingebungsvoll Klavier.;;;Она самозабвенно играла на пианино.;;
Он очень уступчив со своими детьми.;;;Er ist sehr nachgiebig mit seinen Kindern.;;;Он очень уступчив со своими детьми.;;
Не будь слишком уступчивым!;;;Sei nicht zu nachgiebig!;;;Не будь слишком уступчивым!;;
Материал мягкий и податливый.;;;Das Material ist weich und nachgiebig.;;;Материал мягкий и податливый.;;
Почва после дождя податливая.;;;Der Boden ist nach dem Regen nachgiebig.;;;Почва после дождя податливая.;;
Окружающие горы восхитительны.;;;Die umgebenden Berge sind wunderschön.;;;Окружающие горы восхитительны.;;
Окружающая природа предлагает много возможностей.;;;Die umgebende Natur bietet viele Möglichkeiten.;;;Окружающая природа предлагает много возможностей.;;
Он тщетно пытался убедить её.;;;Er versuchte vergebens, sie zu überzeugen.;;;Он тщетно пытался убедить её.;;
Все усилия были напрасны.;;;Alle Mühe war vergebens.;;;Все усилия были напрасны.;;
Я напрасно ждал его.;;;Ich habe vergebens auf ihn gewartet.;;;Я напрасно ждал его.;;
Это была тщетная попытка.;;;Es war ein vergeblicher Versuch.;;;Это была тщетная попытка.;;
Его усилия были напрасны.;;;Seine Bemühungen waren vergeblich.;;;Его усилия были напрасны.;;
Она тщетно ждала ответа.;;;Sie wartete vergeblich auf eine Antwort.;;;Она тщетно ждала ответа.;;
Мы должны придерживаться предписанных правил.;;;Wir müssen uns an die vorgegebenen Regeln halten.;;;Мы должны придерживаться предписанных правил.;;
Заданный график слишком напряжённый.;;;Der vorgegebene Zeitplan ist zu eng.;;;Заданный график слишком напряжённый.;;
Заданное направление должно соблюдаться.;;;Die vorgegebene Richtung muss eingehalten werden.;;;Заданное направление должно соблюдаться.;;
Признаюсь, я совершил ошибку.;;;Zugegeben, ich habe einen Fehler gemacht.;;;Признаюсь, я совершил ошибку.;;
Это, признанно, сложная ситуация.;;;Das ist zugegeben eine schwierige Situation.;;;Это, признанно, сложная ситуация.;;
Добавленные специи улучшают вкус.;;;Die zugegebenen Gewürze verbessern den Geschmack.;;;Добавленные специи улучшают вкус.;;
С добавленными средствами результат был улучшен.;;;Mit zugegebenen Mitteln wurde das Ergebnis verbessert.;;;С добавленными средствами результат был улучшен.;;
Wortfamilie GEBEN Aussage;;0;null;;;Wortfamilie GEBEN Aussage;;0
Есть много возможностей.;;;Es gibt viele Möglichkeiten.;;;Есть много возможностей.;;
Здесь есть ресторан?;;;Gibt es hier ein Restaurant?;;;Здесь есть ресторан?;;
Нет ничего нового под солнцем.;;;Es gibt nichts Neues unter der Sonne.;;;Нет ничего нового под солнцем.;;
Я сдаюсь!;;;Ich gebe auf!;;;Я сдаюсь!;;
Никогда не сдавайся!;;;Gib niemals auf!;;;Никогда не сдавайся!;;
Слишком поздно сдаваться.;;;Es ist zu spät, um aufzugeben.;;;Слишком поздно сдаваться.;;
Дай мне знать, когда приедешь.;;;Gib mir Bescheid, wenn du ankommst.;;;Дай мне знать, когда приедешь.;;
Он своевременно сообщил нам.;;;Er hat uns rechtzeitig Bescheid gegeben.;;;Он своевременно сообщил нам.;;
Следи за детьми!;;;Gib auf die Kinder Acht!;;;Следи за детьми!;;
В движении нужно быть очень внимательным.;;;Man muss im Verkehr gut Acht geben.;;;В движении нужно быть очень внимательным.;;
Наконец успокойся!;;;Gib endlich Ruhe!;;;Наконец успокойся!;;
Дети не хотят успокаиваться.;;;Die Kinder wollen keine Ruhe geben.;;;Дети не хотят успокаиваться.;;
Тебе нужно прибавить газу, иначе мы опоздаем.;;;Du musst mehr Gas geben, sonst kommen wir zu spät.;;;Тебе нужно прибавить газу, иначе мы опоздаем.;;
Он прибавил газу и обогнал грузовик.;;;Er gab Gas und überholte den LKW.;;;Он прибавил газу и обогнал грузовик.;;
Можешь дать прикурить?;;;Kannst du mir Feuer geben?;;;Можешь дать прикурить?;;
Солдаты получили приказ открыть огонь.;;;Die Soldaten bekamen den Befehl, Feuer zu geben.;;;Солдаты получили приказ открыть огонь.;;
Я сделал всё возможное.;;;Ich habe mein Bestes gegeben.;;;Я сделал всё возможное.;;
Если ты сделаешь всё возможное, ты сможешь это сделать.;;;Wenn du dein Bestes gibst, kannst du es schaffen.;;;Если ты сделаешь всё возможное, ты сможешь это сделать.;;
После многочасовой борьбы он признал себя побеждённым.;;;Nach stundenlangem Kampf gab er sich geschlagen.;;;После многочасовой борьбы он признал себя побеждённым.;;
Я ещё не признаю себя побеждённым!;;;Ich gebe mich noch nicht geschlagen!;;;Я ещё не признаю себя побеждённым!;;
Он дал мне понять, что не согласен.;;;Er gab mir zu verstehen, dass er nicht einverstanden ist.;;;Он дал мне понять, что не согласен.;;
Она ясно дала мне понять, что не заинтересована.;;;Sie hat mir deutlich zu verstehen gegeben, dass sie kein Interesse hat.;;;Она ясно дала мне понять, что не заинтересована.;;
Я хотел бы заставить задуматься о том, что у нас недостаточно времени.;;;Ich möchte zu bedenken geben, dass wir nicht genug Zeit haben.;;;Я хотел бы заставить задуматься о том, что у нас недостаточно времени.;;
Врач заставил задуматься о том, что операция рискованна.;;;Der Arzt gab zu bedenken, dass die Operation riskant sei.;;;Врач заставил задуматься о том, что операция рискованна.;;
Он винит меня в аварии.;;;Er gibt mir die Schuld an dem Unfall.;;;Он винит меня в аварии.;;
Не вини себя!;;;Gib dir nicht selbst die Schuld!;;;Не вини себя!;;
Она дала понять, что была заинтересована.;;;Sie gab zu erkennen, dass sie interessiert war.;;;Она дала понять, что была заинтересована.;;
Он не дал понять свои намерения.;;;Er hat seine Absichten nicht zu erkennen gegeben.;;;Он не дал понять свои намерения.;;
Я должен признать твою правоту.;;;Ich muss dir Recht geben.;;;Я должен признать твою правоту.;;
Я даю тебе слово.;;;Ich gebe dir mein Wort.;;;Я даю тебе слово.;;
Твой голос имел решающее значение.;;;Deine Stimme hat den Ausschlag gegeben.;;;Твой голос имел решающее значение.;;
В этой группе он задаёт тон.;;;In dieser Gruppe gibt er den Ton an.;;;В этой группе он задаёт тон.;;
Свидетель дал показания, что ничего не видел.;;;Der Zeuge gab zu Protokoll, dass er nichts gesehen hat.;;;Свидетель дал показания, что ничего не видел.;;
Можешь ли ты дать мне честный ответ?;;;Kannst du mir eine ehrliche Antwort geben?;;;Можешь ли ты дать мне честный ответ?;;
Настоящим довожу до вашего сведения, что я увольняюсь.;;;Ich gebe Ihnen hiermit zur Kenntnis, dass ich kündige.;;;Настоящим довожу до вашего сведения, что я увольняюсь.;;
Босс дал мне свободу действий.;;;Der Chef hat mir freie Hand gegeben.;;;Босс дал мне свободу действий.;;
Его поведение давало повод для беспокойства.;;;Sein Verhalten gab Anlass zur Sorge.;;;Его поведение давало повод для беспокойства.;;
Он очень старается с работой.;;;Er gibt sich viel Mühe mit der Arbeit.;;;Он очень старается с работой.;;
После долгого спора он уступил.;;;Nach langem Streit hat er klein beigegeben.;;;После долгого спора он уступил.;;
Можешь дать мне совет?;;;Kannst du mir einen Rat geben?;;;Можешь дать мне совет?;;